Product_ID,Country,Category,Item_Name,Price_Local,Currency,Technical_Specs,searchable_text
CA-A-0000,Canada,Audio,Wireless Bluetooth Earbuds,45.46,CAD,"ANC, 24h battery, IPX5, USB-C","Wireless Bluetooth Earbuds ANC, 24h battery, IPX5, USB-C"
CA-B-0001,Canada,Kitchen Appliances,Smart Kettle Pro,65.37,CAD,"1.7L, 3000W, boil-dry protection, LED display","Smart Kettle Pro 1.7L, 3000W, boil-dry protection, LED display"
NE-C-0002,Netherlands,Tv & Display,LED TV 55 inch,439.77,EUR,"55"" FHD LED, Smart TV, 3x HDMI, USB, built-in WiFi","LED TV 55 inch 55"" FHD LED, Smart TV, 3x HDMI, USB, built-in WiFi"
US-D-0003,United States,Computing,Webcam HD Pro,61.15,USD,"1080p 60fps, built-in mic, auto-focus","Webcam HD Pro 1080p 60fps, built-in mic, auto-focus"
CD-E-0004,Côte d'Ivoire,Wearables,Smart Watch Sport,60953.04,XOF,"GPS, heart rate, 5ATM, 7-day battery","Smart Watch Sport GPS, heart rate, 5ATM, 7-day battery"
GE-F-0005,Germany,Kitchen Appliances,Coffee Maker Drip,37.43,EUR,"12-cup, programmable, thermal carafe","Coffee Maker Drip 12-cup, programmable, thermal carafe"
NI-G-0006,Nigeria,Personal Care,Electric Toothbrush,72643.85,NGN,"Sonic, 3 modes, 2-week battery","Electric Toothbrush Sonic, 3 modes, 2-week battery"
GH-H-0007,Ghana,Computing,Mechanical Keyboard,1035.58,GHS,"Cherry MX, RGB, wired, UK layout","Mechanical Keyboard Cherry MX, RGB, wired, UK layout"
FR-I-0008,France,Kitchen Appliances,Coffee Maker Drip,34.35,EUR,"12-cup, programmable, thermal carafe","Coffee Maker Drip 12-cup, programmable, thermal carafe"
US-J-0009,United States,Power & Batteries,Portable Power Bank 20K,26.42,USD,"20000mAh, dual USB, 18W PD","Portable Power Bank 20K 20000mAh, dual USB, 18W PD"
CA-K-0010,Canada,Computing,Mechanical Keyboard,110.87,CAD,"Cherry MX, RGB, wired, UK layout","Mechanical Keyboard Cherry MX, RGB, wired, UK layout"
KE-L-0011,Kenya,Kitchen Appliances,Smart Kettle Pro,5715.05,KES,"1.7L, 3000W, boil-dry protection, LED display","Smart Kettle Pro 1.7L, 3000W, boil-dry protection, LED display"
UK-M-0012,United Kingdom,Wearables,Fitness Tracker Band,22.42,GBP,"Steps, sleep, HR, 14-day battery","Fitness Tracker Band Steps, sleep, HR, 14-day battery"
US-N-0013,United States,Computing,"Tablet 10""",224.78,USD,"128GB, 10.1"" FHD, 4GB RAM, WiFi","Tablet 10"" 128GB, 10.1"" FHD, 4GB RAM, WiFi"
NI-O-0014,Nigeria,Solar & Power,Solar Inverter TS-9000-X,2087330.28,NGN,"5kW capacity, IP65 rated, 10-year warranty, MPPT tracking","Solar Inverter TS-9000-X 5kW capacity, IP65 rated, 10-year warranty, MPPT tracking"
UK-P-0015,United Kingdom,Audio,Bluetooth Speaker,40.54,GBP,"20W, waterproof IPX7, 15h playback","Bluetooth Speaker 20W, waterproof IPX7, 15h playback"
CA-Q-0016,Canada,Audio,Wireless Bluetooth Earbuds,51.71,CAD,"ANC, 24h battery, IPX5, USB-C","Wireless Bluetooth Earbuds ANC, 24h battery, IPX5, USB-C"
UK-R-0017,United Kingdom,Power & Batteries,Portable Power Bank 20K,20.55,GBP,"20000mAh, dual USB, 18W PD","Portable Power Bank 20K 20000mAh, dual USB, 18W PD"
CA-S-0018,Canada,Personal Care,Electric Toothbrush,63.88,CAD,"Sonic, 3 modes, 2-week battery","Electric Toothbrush Sonic, 3 modes, 2-week battery"
CD-T-0019,Côte d'Ivoire,Tv & Display,LED TV 55 inch,288843.01,XOF,"55"" FHD LED, Smart TV, 3x HDMI, USB, built-in WiFi","LED TV 55 inch 55"" FHD LED, Smart TV, 3x HDMI, USB, built-in WiFi"
SA-U-0020,South Africa,Solar & Power,Solar Inverter TS-9000-X,21560.57,ZAR,"5kW capacity, IP65 rated, 10-year warranty, MPPT tracking","Solar Inverter TS-9000-X 5kW capacity, IP65 rated, 10-year warranty, MPPT tracking"
NI-V-0021,Nigeria,Lighting,LED Desk Lamp,42344.44,NGN,"Dimmable, USB port, 5 brightness levels","LED Desk Lamp Dimmable, USB port, 5 brightness levels"
SA-W-0022,South Africa,Wearables,Smart Watch Sport,1750.33,ZAR,"GPS, heart rate, 5ATM, 7-day battery","Smart Watch Sport GPS, heart rate, 5ATM, 7-day battery"
NI-X-0023,Nigeria,Computing,Mechanical Keyboard,115661.71,NGN,"Cherry MX, RGB, wired, UK layout","Mechanical Keyboard Cherry MX, RGB, wired, UK layout"
US-Y-0024,United States,Computing,Mechanical Keyboard,71.36,USD,"Cherry MX, RGB, wired, UK layout","Mechanical Keyboard Cherry MX, RGB, wired, UK layout"
GE-Z-0025,Germany,Kitchen Appliances,Smart Kettle Pro,43.59,EUR,"1.7L, 3000W, boil-dry protection, LED display","Smart Kettle Pro 1.7L, 3000W, boil-dry protection, LED display"
US-A-0026,United States,Home Appliances,Electric Fan Tower,51.93,USD,"Oscillating, 3 speeds, remote, timer","Electric Fan Tower Oscillating, 3 speeds, remote, timer"
CA-B-0027,Canada,Computing,"Tablet 10""",276.29,CAD,"128GB, 10.1"" FHD, 4GB RAM, WiFi","Tablet 10"" 128GB, 10.1"" FHD, 4GB RAM, WiFi"
GH-C-0028,Ghana,Audio,Bluetooth Speaker,657.39,GHS,"20W, waterproof IPX7, 15h playback","Bluetooth Speaker 20W, waterproof IPX7, 15h playback"
CD-D-0029,Côte d'Ivoire,Computing,"Tablet 10""",117811.69,XOF,"128GB, 10.1"" FHD, 4GB RAM, WiFi","Tablet 10"" 128GB, 10.1"" FHD, 4GB RAM, WiFi"
GH-E-0030,Ghana,Tv & Display,LED TV 55 inch,6433.87,GHS,"55"" FHD LED, Smart TV, 3x HDMI, USB, built-in WiFi","LED TV 55 inch 55"" FHD LED, Smart TV, 3x HDMI, USB, built-in WiFi"
SA-F-0031,South Africa,Audio,Bluetooth Speaker,976.74,ZAR,"20W, waterproof IPX7, 15h playback","Bluetooth Speaker 20W, waterproof IPX7, 15h playback"
FR-G-0032,France,Personal Care,Electric Toothbrush,39.98,EUR,"Sonic, 3 modes, 2-week battery","Electric Toothbrush Sonic, 3 modes, 2-week battery"
KE-H-0033,Kenya,Wearables,Smart Watch Sport,13029.51,KES,"GPS, heart rate, 5ATM, 7-day battery","Smart Watch Sport GPS, heart rate, 5ATM, 7-day battery"
GH-I-0034,Ghana,Solar & Power,Solar Inverter TS-9000-X,16002.53,GHS,"5kW capacity, IP65 rated, 10-year warranty, MPPT tracking","Solar Inverter TS-9000-X 5kW capacity, IP65 rated, 10-year warranty, MPPT tracking"
CD-J-0035,Côte d'Ivoire,Kitchen Appliances,Smart Kettle Pro,28863.19,XOF,"1.7L, 3000W, boil-dry protection, LED display","Smart Kettle Pro 1.7L, 3000W, boil-dry protection, LED display"
US-K-0036,United States,Solar & Power,Solar Inverter TS-9000-X,1288.65,USD,"5kW capacity, IP65 rated, 10-year warranty, MPPT tracking","Solar Inverter TS-9000-X 5kW capacity, IP65 rated, 10-year warranty, MPPT tracking"
KE-L-0037,Kenya,Wearables,Smart Watch Sport,12348.3,KES,"GPS, heart rate, 5ATM, 7-day battery","Smart Watch Sport GPS, heart rate, 5ATM, 7-day battery"
CA-M-0038,Canada,Personal Care,Electric Toothbrush,59.49,CAD,"Sonic, 3 modes, 2-week battery","Electric Toothbrush Sonic, 3 modes, 2-week battery"
NI-N-0039,Nigeria,Wearables,Smart Watch Sport,145009.86,NGN,"GPS, heart rate, 5ATM, 7-day battery","Smart Watch Sport GPS, heart rate, 5ATM, 7-day battery"
KE-O-0040,Kenya,Power & Batteries,Portable Power Bank 20K,3320.44,KES,"20000mAh, dual USB, 18W PD","Portable Power Bank 20K 20000mAh, dual USB, 18W PD"
CA-P-0041,Canada,Personal Care,Electric Toothbrush,64.91,CAD,"Sonic, 3 modes, 2-week battery","Electric Toothbrush Sonic, 3 modes, 2-week battery"
NE-Q-0042,Netherlands,Lighting,LED Desk Lamp,25.88,EUR,"Dimmable, USB port, 5 brightness levels","LED Desk Lamp Dimmable, USB port, 5 brightness levels"
NE-R-0043,Netherlands,Home Appliances,Electric Fan Tower,47.85,EUR,"Oscillating, 3 speeds, remote, timer","Electric Fan Tower Oscillating, 3 speeds, remote, timer"
GH-S-0044,Ghana,Home Appliances,Air Purifier Compact,1311.27,GHS,"HEPA H13, 3 speeds, 25m² coverage","Air Purifier Compact HEPA H13, 3 speeds, 25m² coverage"
NE-T-0045,Netherlands,Computing,"Tablet 10""",194.46,EUR,"128GB, 10.1"" FHD, 4GB RAM, WiFi","Tablet 10"" 128GB, 10.1"" FHD, 4GB RAM, WiFi"
GE-U-0046,Germany,Lighting,LED Desk Lamp,26.69,EUR,"Dimmable, USB port, 5 brightness levels","LED Desk Lamp Dimmable, USB port, 5 brightness levels"
SA-V-0047,South Africa,Computing,Mechanical Keyboard,1462.57,ZAR,"Cherry MX, RGB, wired, UK layout","Mechanical Keyboard Cherry MX, RGB, wired, UK layout"
SA-W-0048,South Africa,Power & Batteries,Portable Power Bank 20K,515.36,ZAR,"20000mAh, dual USB, 18W PD","Portable Power Bank 20K 20000mAh, dual USB, 18W PD"
UK-X-0049,United Kingdom,Computing,Mechanical Keyboard,59.45,GBP,"Cherry MX, RGB, wired, UK layout","Mechanical Keyboard Cherry MX, RGB, wired, UK layout"
SA-Y-0050,South Africa,Wearables,Smart Watch Sport,1783.53,ZAR,"GPS, heart rate, 5ATM, 7-day battery","Smart Watch Sport GPS, heart rate, 5ATM, 7-day battery"
GH-Z-0051,Ghana,Wearables,Smart Watch Sport,1145.53,GHS,"GPS, heart rate, 5ATM, 7-day battery","Smart Watch Sport GPS, heart rate, 5ATM, 7-day battery"
CA-A-0052,Canada,Home Appliances,Air Purifier Compact,147.01,CAD,"HEPA H13, 3 speeds, 25m² coverage","Air Purifier Compact HEPA H13, 3 speeds, 25m² coverage"
GH-B-0053,Ghana,Audio,Wireless Bluetooth Earbuds,467.82,GHS,"ANC, 24h battery, IPX5, USB-C","Wireless Bluetooth Earbuds ANC, 24h battery, IPX5, USB-C"
UK-C-0054,United Kingdom,Wearables,Smart Watch Sport,70.38,GBP,"GPS, heart rate, 5ATM, 7-day battery","Smart Watch Sport GPS, heart rate, 5ATM, 7-day battery"
GE-D-0055,Germany,Computing,"Tablet 10""",176.49,EUR,"128GB, 10.1"" FHD, 4GB RAM, WiFi","Tablet 10"" 128GB, 10.1"" FHD, 4GB RAM, WiFi"
KE-E-0056,Kenya,Personal Care,Electric Toothbrush,5824.24,KES,"Sonic, 3 modes, 2-week battery","Electric Toothbrush Sonic, 3 modes, 2-week battery"
SA-F-0057,South Africa,Computing,"Tablet 10""",3879.26,ZAR,"128GB, 10.1"" FHD, 4GB RAM, WiFi","Tablet 10"" 128GB, 10.1"" FHD, 4GB RAM, WiFi"
UK-G-0058,United Kingdom,Tv & Display,LED TV 55 inch,359.33,GBP,"55"" FHD LED, Smart TV, 3x HDMI, USB, built-in WiFi","LED TV 55 inch 55"" FHD LED, Smart TV, 3x HDMI, USB, built-in WiFi"
FR-H-0059,France,Wearables,Fitness Tracker Band,27.71,EUR,"Steps, sleep, HR, 14-day battery","Fitness Tracker Band Steps, sleep, HR, 14-day battery"
CA-I-0060,Canada,Kitchen Appliances,Smart Kettle Pro,61.61,CAD,"1.7L, 3000W, boil-dry protection, LED display","Smart Kettle Pro 1.7L, 3000W, boil-dry protection, LED display"
CA-J-0061,Canada,Personal Care,Electric Toothbrush,56.83,CAD,"Sonic, 3 modes, 2-week battery","Electric Toothbrush Sonic, 3 modes, 2-week battery"
FR-K-0062,France,Kitchen Appliances,Smart Kettle Pro,43.1,EUR,"1.7L, 3000W, boil-dry protection, LED display","Smart Kettle Pro 1.7L, 3000W, boil-dry protection, LED display"
FR-L-0063,France,Audio,Bluetooth Speaker,44.11,EUR,"20W, waterproof IPX7, 15h playback","Bluetooth Speaker 20W, waterproof IPX7, 15h playback"
CD-M-0064,Côte d'Ivoire,Wearables,Fitness Tracker Band,16704.76,XOF,"Steps, sleep, HR, 14-day battery","Fitness Tracker Band Steps, sleep, HR, 14-day battery"
CA-N-0065,Canada,Home Appliances,Air Purifier Compact,147.29,CAD,"HEPA H13, 3 speeds, 25m² coverage","Air Purifier Compact HEPA H13, 3 speeds, 25m² coverage"
CD-O-0066,Côte d'Ivoire,Home Appliances,Electric Fan Tower,32448.44,XOF,"Oscillating, 3 speeds, remote, timer","Electric Fan Tower Oscillating, 3 speeds, remote, timer"
KE-P-0067,Kenya,Wearables,Fitness Tracker Band,3583.92,KES,"Steps, sleep, HR, 14-day battery","Fitness Tracker Band Steps, sleep, HR, 14-day battery"
NE-Q-0068,Netherlands,Kitchen Appliances,Smart Kettle Pro,40.48,EUR,"1.7L, 3000W, boil-dry protection, LED display","Smart Kettle Pro 1.7L, 3000W, boil-dry protection, LED display"
NI-R-0069,Nigeria,Computing,"Tablet 10""",318172.31,NGN,"128GB, 10.1"" FHD, 4GB RAM, WiFi","Tablet 10"" 128GB, 10.1"" FHD, 4GB RAM, WiFi"
UK-S-0070,United Kingdom,Audio,Bluetooth Speaker,42.89,GBP,"20W, waterproof IPX7, 15h playback","Bluetooth Speaker 20W, waterproof IPX7, 15h playback"
GH-T-0071,Ghana,Kitchen Appliances,Coffee Maker Drip,479.62,GHS,"12-cup, programmable, thermal carafe","Coffee Maker Drip 12-cup, programmable, thermal carafe"
FR-U-0072,France,Computing,Mechanical Keyboard,69.32,EUR,"Cherry MX, RGB, wired, UK layout","Mechanical Keyboard Cherry MX, RGB, wired, UK layout"
CD-V-0073,Côte d'Ivoire,Wearables,Fitness Tracker Band,19730.0,XOF,"Steps, sleep, HR, 14-day battery","Fitness Tracker Band Steps, sleep, HR, 14-day battery"
NI-W-0074,Nigeria,Computing,"Tablet 10""",301398.8,NGN,"128GB, 10.1"" FHD, 4GB RAM, WiFi","Tablet 10"" 128GB, 10.1"" FHD, 4GB RAM, WiFi"
GE-X-0075,Germany,Wearables,Smart Watch Sport,85.23,EUR,"GPS, heart rate, 5ATM, 7-day battery","Smart Watch Sport GPS, heart rate, 5ATM, 7-day battery"
NI-Y-0076,Nigeria,Home Appliances,Electric Fan Tower,76882.46,NGN,"Oscillating, 3 speeds, remote, timer","Electric Fan Tower Oscillating, 3 speeds, remote, timer"
CA-Z-0077,Canada,Solar & Power,Solar Inverter TS-9000-X,1796.58,CAD,"5kW capacity, IP65 rated, 10-year warranty, MPPT tracking","Solar Inverter TS-9000-X 5kW capacity, IP65 rated, 10-year warranty, MPPT tracking"
SA-A-0078,South Africa,Lighting,LED Desk Lamp,526.53,ZAR,"Dimmable, USB port, 5 brightness levels","LED Desk Lamp Dimmable, USB port, 5 brightness levels"
GE-B-0079,Germany,Power & Batteries,Portable Power Bank 20K,24.64,EUR,"20000mAh, dual USB, 18W PD","Portable Power Bank 20K 20000mAh, dual USB, 18W PD"
US-C-0080,United States,Tv & Display,LED TV 55 inch,511.1,USD,"55"" FHD LED, Smart TV, 3x HDMI, USB, built-in WiFi","LED TV 55 inch 55"" FHD LED, Smart TV, 3x HDMI, USB, built-in WiFi"
NI-D-0081,Nigeria,Computing,Mechanical Keyboard,112806.71,NGN,"Cherry MX, RGB, wired, UK layout","Mechanical Keyboard Cherry MX, RGB, wired, UK layout"
GE-E-0082,Germany,Computing,"Tablet 10""",198.15,EUR,"128GB, 10.1"" FHD, 4GB RAM, WiFi","Tablet 10"" 128GB, 10.1"" FHD, 4GB RAM, WiFi"
FR-F-0083,France,Audio,Wireless Bluetooth Earbuds,33.38,EUR,"ANC, 24h battery, IPX5, USB-C","Wireless Bluetooth Earbuds ANC, 24h battery, IPX5, USB-C"
NE-G-0084,Netherlands,Computing,Webcam HD Pro,54.3,EUR,"1080p 60fps, built-in mic, auto-focus","Webcam HD Pro 1080p 60fps, built-in mic, auto-focus"
GE-H-0085,Germany,Computing,Mechanical Keyboard,77.01,EUR,"Cherry MX, RGB, wired, UK layout","Mechanical Keyboard Cherry MX, RGB, wired, UK layout"
US-I-0086,United States,Audio,Bluetooth Speaker,48.83,USD,"20W, waterproof IPX7, 15h playback","Bluetooth Speaker 20W, waterproof IPX7, 15h playback"
GE-J-0087,Germany,Computing,Webcam HD Pro,51.51,EUR,"1080p 60fps, built-in mic, auto-focus","Webcam HD Pro 1080p 60fps, built-in mic, auto-focus"
NI-K-0088,Nigeria,Computing,Mechanical Keyboard,127179.24,NGN,"Cherry MX, RGB, wired, UK layout","Mechanical Keyboard Cherry MX, RGB, wired, UK layout"
CA-L-0089,Canada,Home Appliances,Electric Fan Tower,73.52,CAD,"Oscillating, 3 speeds, remote, timer","Electric Fan Tower Oscillating, 3 speeds, remote, timer"
SA-M-0090,South Africa,Personal Care,Electric Toothbrush,818.59,ZAR,"Sonic, 3 modes, 2-week battery","Electric Toothbrush Sonic, 3 modes, 2-week battery"
UK-N-0091,United Kingdom,Home Appliances,Air Purifier Compact,76.58,GBP,"HEPA H13, 3 speeds, 25m² coverage","Air Purifier Compact HEPA H13, 3 speeds, 25m² coverage"
NI-O-0092,Nigeria,Wearables,Smart Watch Sport,139758.47,NGN,"GPS, heart rate, 5ATM, 7-day battery","Smart Watch Sport GPS, heart rate, 5ATM, 7-day battery"
FR-P-0093,France,Computing,Webcam HD Pro,55.4,EUR,"1080p 60fps, built-in mic, auto-focus","Webcam HD Pro 1080p 60fps, built-in mic, auto-focus"
KE-Q-0094,Kenya,Computing,Mechanical Keyboard,9812.89,KES,"Cherry MX, RGB, wired, UK layout","Mechanical Keyboard Cherry MX, RGB, wired, UK layout"
GH-R-0095,Ghana,Solar & Power,Solar Inverter TS-9000-X,15910.08,GHS,"5kW capacity, IP65 rated, 10-year warranty, MPPT tracking","Solar Inverter TS-9000-X 5kW capacity, IP65 rated, 10-year warranty, MPPT tracking"
US-S-0096,United States,Personal Care,Electric Toothbrush,43.84,USD,"Sonic, 3 modes, 2-week battery","Electric Toothbrush Sonic, 3 modes, 2-week battery"
FR-T-0097,France,Audio,Wireless Bluetooth Earbuds,35.88,EUR,"ANC, 24h battery, IPX5, USB-C","Wireless Bluetooth Earbuds ANC, 24h battery, IPX5, USB-C"
CD-U-0098,Côte d'Ivoire,Lighting,LED Desk Lamp,18685.44,XOF,"Dimmable, USB port, 5 brightness levels","LED Desk Lamp Dimmable, USB port, 5 brightness levels"
US-V-0099,United States,Computing,Mechanical Keyboard,82.89,USD,"Cherry MX, RGB, wired, UK layout","Mechanical Keyboard Cherry MX, RGB, wired, UK layout"
KE-W-0100,Kenya,Solar & Power,Solar Inverter TS-9000-X,164647.86,KES,"5kW capacity, IP65 rated, 10-year warranty, MPPT tracking","Solar Inverter TS-9000-X 5kW capacity, IP65 rated, 10-year warranty, MPPT tracking"
KE-X-0101,Kenya,Kitchen Appliances,Smart Kettle Pro,5652.93,KES,"1.7L, 3000W, boil-dry protection, LED display","Smart Kettle Pro 1.7L, 3000W, boil-dry protection, LED display"
UK-Y-0102,United Kingdom,Wearables,Fitness Tracker Band,24.92,GBP,"Steps, sleep, HR, 14-day battery","Fitness Tracker Band Steps, sleep, HR, 14-day battery"
KE-Z-0103,Kenya,Wearables,Fitness Tracker Band,3579.24,KES,"Steps, sleep, HR, 14-day battery","Fitness Tracker Band Steps, sleep, HR, 14-day battery"
UK-A-0104,United Kingdom,Audio,Wireless Bluetooth Earbuds,29.28,GBP,"ANC, 24h battery, IPX5, USB-C","Wireless Bluetooth Earbuds ANC, 24h battery, IPX5, USB-C"
GH-B-0105,Ghana,Power & Batteries,Portable Power Bank 20K,346.41,GHS,"20000mAh, dual USB, 18W PD","Portable Power Bank 20K 20000mAh, dual USB, 18W PD"
FR-C-0106,France,Personal Care,Electric Toothbrush,42.12,EUR,"Sonic, 3 modes, 2-week battery","Electric Toothbrush Sonic, 3 modes, 2-week battery"
NI-D-0107,Nigeria,Solar & Power,Solar Inverter TS-9000-X,2097865.31,NGN,"5kW capacity, IP65 rated, 10-year warranty, MPPT tracking","Solar Inverter TS-9000-X 5kW capacity, IP65 rated, 10-year warranty, MPPT tracking"
NI-E-0108,Nigeria,Computing,Mechanical Keyboard,132801.93,NGN,"Cherry MX, RGB, wired, UK layout","Mechanical Keyboard Cherry MX, RGB, wired, UK layout"
US-F-0109,United States,Solar & Power,Solar Inverter TS-9000-X,1323.15,USD,"5kW capacity, IP65 rated, 10-year warranty, MPPT tracking","Solar Inverter TS-9000-X 5kW capacity, IP65 rated, 10-year warranty, MPPT tracking"
KE-G-0110,Kenya,Power & Batteries,Portable Power Bank 20K,3678.05,KES,"20000mAh, dual USB, 18W PD","Portable Power Bank 20K 20000mAh, dual USB, 18W PD"
UK-H-0111,United Kingdom,Home Appliances,Air Purifier Compact,76.12,GBP,"HEPA H13, 3 speeds, 25m² coverage","Air Purifier Compact HEPA H13, 3 speeds, 25m² coverage"
KE-I-0112,Kenya,Audio,Bluetooth Speaker,6836.51,KES,"20W, waterproof IPX7, 15h playback","Bluetooth Speaker 20W, waterproof IPX7, 15h playback"
KE-J-0113,Kenya,Home Appliances,Air Purifier Compact,11833.92,KES,"HEPA H13, 3 speeds, 25m² coverage","Air Purifier Compact HEPA H13, 3 speeds, 25m² coverage"
UK-K-0114,United Kingdom,Solar & Power,Solar Inverter TS-9000-X,936.17,GBP,"5kW capacity, IP65 rated, 10-year warranty, MPPT tracking","Solar Inverter TS-9000-X 5kW capacity, IP65 rated, 10-year warranty, MPPT tracking"
GH-L-0115,Ghana,Wearables,Smart Watch Sport,1116.3,GHS,"GPS, heart rate, 5ATM, 7-day battery","Smart Watch Sport GPS, heart rate, 5ATM, 7-day battery"
NI-M-0116,Nigeria,Tv & Display,LED TV 55 inch,798378.98,NGN,"55"" FHD LED, Smart TV, 3x HDMI, USB, built-in WiFi","LED TV 55 inch 55"" FHD LED, Smart TV, 3x HDMI, USB, built-in WiFi"
NE-N-0117,Netherlands,Computing,"Tablet 10""",177.34,EUR,"128GB, 10.1"" FHD, 4GB RAM, WiFi","Tablet 10"" 128GB, 10.1"" FHD, 4GB RAM, WiFi"
FR-O-0118,France,Personal Care,Electric Toothbrush,40.64,EUR,"Sonic, 3 modes, 2-week battery","Electric Toothbrush Sonic, 3 modes, 2-week battery"
FR-P-0119,France,Lighting,LED Desk Lamp,26.45,EUR,"Dimmable, USB port, 5 brightness levels","LED Desk Lamp Dimmable, USB port, 5 brightness levels"
UK-Q-0120,United Kingdom,Home Appliances,Air Purifier Compact,85.32,GBP,"HEPA H13, 3 speeds, 25m² coverage","Air Purifier Compact HEPA H13, 3 speeds, 25m² coverage"
US-R-0121,United States,Home Appliances,Electric Fan Tower,58.4,USD,"Oscillating, 3 speeds, remote, timer","Electric Fan Tower Oscillating, 3 speeds, remote, timer"
NE-S-0122,Netherlands,Audio,Bluetooth Speaker,45.97,EUR,"20W, waterproof IPX7, 15h playback","Bluetooth Speaker 20W, waterproof IPX7, 15h playback"
SA-T-0123,South Africa,Computing,"Tablet 10""",3434.17,ZAR,"128GB, 10.1"" FHD, 4GB RAM, WiFi","Tablet 10"" 128GB, 10.1"" FHD, 4GB RAM, WiFi"
FR-U-0124,France,Solar & Power,Solar Inverter TS-9000-X,1076.68,EUR,"5kW capacity, IP65 rated, 10-year warranty, MPPT tracking","Solar Inverter TS-9000-X 5kW capacity, IP65 rated, 10-year warranty, MPPT tracking"
NE-V-0125,Netherlands,Wearables,Fitness Tracker Band,25.43,EUR,"Steps, sleep, HR, 14-day battery","Fitness Tracker Band Steps, sleep, HR, 14-day battery"
KE-W-0126,Kenya,Home Appliances,Air Purifier Compact,13067.77,KES,"HEPA H13, 3 speeds, 25m² coverage","Air Purifier Compact HEPA H13, 3 speeds, 25m² coverage"
GE-X-0127,Germany,Home Appliances,Electric Fan Tower,53.79,EUR,"Oscillating, 3 speeds, remote, timer","Electric Fan Tower Oscillating, 3 speeds, remote, timer"
SA-Y-0128,South Africa,Kitchen Appliances,Smart Kettle Pro,839.8,ZAR,"1.7L, 3000W, boil-dry protection, LED display","Smart Kettle Pro 1.7L, 3000W, boil-dry protection, LED display"
GH-Z-0129,Ghana,Solar & Power,Solar Inverter TS-9000-X,15223.12,GHS,"5kW capacity, IP65 rated, 10-year warranty, MPPT tracking","Solar Inverter TS-9000-X 5kW capacity, IP65 rated, 10-year warranty, MPPT tracking"
CD-A-0130,Côte d'Ivoire,Computing,Mechanical Keyboard,47530.5,XOF,"Cherry MX, RGB, wired, UK layout","Mechanical Keyboard Cherry MX, RGB, wired, UK layout"
US-B-0131,United States,Audio,Bluetooth Speaker,51.55,USD,"20W, waterproof IPX7, 15h playback","Bluetooth Speaker 20W, waterproof IPX7, 15h playback"
FR-C-0132,France,Computing,Webcam HD Pro,52.72,EUR,"1080p 60fps, built-in mic, auto-focus","Webcam HD Pro 1080p 60fps, built-in mic, auto-focus"
NI-D-0133,Nigeria,Wearables,Fitness Tracker Band,51200.17,NGN,"Steps, sleep, HR, 14-day battery","Fitness Tracker Band Steps, sleep, HR, 14-day battery"
FR-E-0134,France,Personal Care,Electric Toothbrush,38.25,EUR,"Sonic, 3 modes, 2-week battery","Electric Toothbrush Sonic, 3 modes, 2-week battery"
US-F-0135,United States,Kitchen Appliances,Coffee Maker Drip,40.47,USD,"12-cup, programmable, thermal carafe","Coffee Maker Drip 12-cup, programmable, thermal carafe"
KE-G-0136,Kenya,Tv & Display,LED TV 55 inch,61239.5,KES,"55"" FHD LED, Smart TV, 3x HDMI, USB, built-in WiFi","LED TV 55 inch 55"" FHD LED, Smart TV, 3x HDMI, USB, built-in WiFi"
KE-H-0137,Kenya,Computing,Mechanical Keyboard,10285.56,KES,"Cherry MX, RGB, wired, UK layout","Mechanical Keyboard Cherry MX, RGB, wired, UK layout"
CA-I-0138,Canada,Lighting,LED Desk Lamp,40.96,CAD,"Dimmable, USB port, 5 brightness levels","LED Desk Lamp Dimmable, USB port, 5 brightness levels"
US-J-0139,United States,Kitchen Appliances,Coffee Maker Drip,41.67,USD,"12-cup, programmable, thermal carafe","Coffee Maker Drip 12-cup, programmable, thermal carafe"
CD-K-0140,Côte d'Ivoire,Wearables,Smart Watch Sport,52141.47,XOF,"GPS, heart rate, 5ATM, 7-day battery","Smart Watch Sport GPS, heart rate, 5ATM, 7-day battery"
CD-L-0141,Côte d'Ivoire,Computing,Webcam HD Pro,37382.72,XOF,"1080p 60fps, built-in mic, auto-focus","Webcam HD Pro 1080p 60fps, built-in mic, auto-focus"
NI-M-0142,Nigeria,Lighting,LED Desk Lamp,47776.03,NGN,"Dimmable, USB port, 5 brightness levels","LED Desk Lamp Dimmable, USB port, 5 brightness levels"
UK-N-0143,United Kingdom,Tv & Display,LED TV 55 inch,356.53,GBP,"55"" FHD LED, Smart TV, 3x HDMI, USB, built-in WiFi","LED TV 55 inch 55"" FHD LED, Smart TV, 3x HDMI, USB, built-in WiFi"
US-O-0144,United States,Audio,Bluetooth Speaker,53.5,USD,"20W, waterproof IPX7, 15h playback","Bluetooth Speaker 20W, waterproof IPX7, 15h playback"
US-P-0145,United States,Home Appliances,Air Purifier Compact,107.64,USD,"HEPA H13, 3 speeds, 25m² coverage","Air Purifier Compact HEPA H13, 3 speeds, 25m² coverage"
CA-Q-0146,Canada,Computing,"Tablet 10""",263.42,CAD,"128GB, 10.1"" FHD, 4GB RAM, WiFi","Tablet 10"" 128GB, 10.1"" FHD, 4GB RAM, WiFi"
NI-R-0147,Nigeria,Computing,Mechanical Keyboard,131066.28,NGN,"Cherry MX, RGB, wired, UK layout","Mechanical Keyboard Cherry MX, RGB, wired, UK layout"
US-S-0148,United States,Lighting,LED Desk Lamp,31.56,USD,"Dimmable, USB port, 5 brightness levels","LED Desk Lamp Dimmable, USB port, 5 brightness levels"
KE-T-0149,Kenya,Solar & Power,Solar Inverter TS-9000-X,167125.42,KES,"5kW capacity, IP65 rated, 10-year warranty, MPPT tracking","Solar Inverter TS-9000-X 5kW capacity, IP65 rated, 10-year warranty, MPPT tracking"
NI-U-0150,Nigeria,Kitchen Appliances,Coffee Maker Drip,62368.81,NGN,"12-cup, programmable, thermal carafe","Coffee Maker Drip 12-cup, programmable, thermal carafe"
SA-V-0151,South Africa,Audio,Wireless Bluetooth Earbuds,718.08,ZAR,"ANC, 24h battery, IPX5, USB-C","Wireless Bluetooth Earbuds ANC, 24h battery, IPX5, USB-C"
GH-W-0152,Ghana,Home Appliances,Air Purifier Compact,1185.97,GHS,"HEPA H13, 3 speeds, 25m² coverage","Air Purifier Compact HEPA H13, 3 speeds, 25m² coverage"
US-X-0153,United States,Wearables,Smart Watch Sport,99.02,USD,"GPS, heart rate, 5ATM, 7-day battery","Smart Watch Sport GPS, heart rate, 5ATM, 7-day battery"
KE-Y-0154,Kenya,Lighting,LED Desk Lamp,4112.66,KES,"Dimmable, USB port, 5 brightness levels","LED Desk Lamp Dimmable, USB port, 5 brightness levels"
CD-Z-0155,Côte d'Ivoire,Tv & Display,LED TV 55 inch,275845.08,XOF,"55"" FHD LED, Smart TV, 3x HDMI, USB, built-in WiFi","LED TV 55 inch 55"" FHD LED, Smart TV, 3x HDMI, USB, built-in WiFi"
KE-A-0156,Kenya,Solar & Power,Solar Inverter TS-9000-X,149814.02,KES,"5kW capacity, IP65 rated, 10-year warranty, MPPT tracking","Solar Inverter TS-9000-X 5kW capacity, IP65 rated, 10-year warranty, MPPT tracking"
FR-B-0157,France,Wearables,Fitness Tracker Band,29.5,EUR,"Steps, sleep, HR, 14-day battery","Fitness Tracker Band Steps, sleep, HR, 14-day battery"
US-C-0158,United States,Solar & Power,Solar Inverter TS-9000-X,1314.54,USD,"5kW capacity, IP65 rated, 10-year warranty, MPPT tracking","Solar Inverter TS-9000-X 5kW capacity, IP65 rated, 10-year warranty, MPPT tracking"
GH-D-0159,Ghana,Home Appliances,Electric Fan Tower,727.65,GHS,"Oscillating, 3 speeds, remote, timer","Electric Fan Tower Oscillating, 3 speeds, remote, timer"
NI-E-0160,Nigeria,Kitchen Appliances,Smart Kettle Pro,70755.96,NGN,"1.7L, 3000W, boil-dry protection, LED display","Smart Kettle Pro 1.7L, 3000W, boil-dry protection, LED display"
UK-F-0161,United Kingdom,Personal Care,Electric Toothbrush,34.53,GBP,"Sonic, 3 modes, 2-week battery","Electric Toothbrush Sonic, 3 modes, 2-week battery"
CA-G-0162,Canada,Wearables,Smart Watch Sport,125.4,CAD,"GPS, heart rate, 5ATM, 7-day battery","Smart Watch Sport GPS, heart rate, 5ATM, 7-day battery"
UK-H-0163,United Kingdom,Audio,Wireless Bluetooth Earbuds,28.0,GBP,"ANC, 24h battery, IPX5, USB-C","Wireless Bluetooth Earbuds ANC, 24h battery, IPX5, USB-C"
NI-I-0164,Nigeria,Kitchen Appliances,Smart Kettle Pro,77865.72,NGN,"1.7L, 3000W, boil-dry protection, LED display","Smart Kettle Pro 1.7L, 3000W, boil-dry protection, LED display"
CD-J-0165,Côte d'Ivoire,Solar & Power,Solar Inverter TS-9000-X,768450.97,XOF,"5kW capacity, IP65 rated, 10-year warranty, MPPT tracking","Solar Inverter TS-9000-X 5kW capacity, IP65 rated, 10-year warranty, MPPT tracking"
UK-K-0166,United Kingdom,Kitchen Appliances,Coffee Maker Drip,33.76,GBP,"12-cup, programmable, thermal carafe","Coffee Maker Drip 12-cup, programmable, thermal carafe"
GE-L-0167,Germany,Audio,Wireless Bluetooth Earbuds,34.31,EUR,"ANC, 24h battery, IPX5, USB-C","Wireless Bluetooth Earbuds ANC, 24h battery, IPX5, USB-C"
GE-M-0168,Germany,Kitchen Appliances,Coffee Maker Drip,34.02,EUR,"12-cup, programmable, thermal carafe","Coffee Maker Drip 12-cup, programmable, thermal carafe"
US-N-0169,United States,Computing,Webcam HD Pro,52.57,USD,"1080p 60fps, built-in mic, auto-focus","Webcam HD Pro 1080p 60fps, built-in mic, auto-focus"
CD-O-0170,Côte d'Ivoire,Lighting,LED Desk Lamp,17862.84,XOF,"Dimmable, USB port, 5 brightness levels","LED Desk Lamp Dimmable, USB port, 5 brightness levels"
NI-P-0171,Nigeria,Wearables,Smart Watch Sport,141431.7,NGN,"GPS, heart rate, 5ATM, 7-day battery","Smart Watch Sport GPS, heart rate, 5ATM, 7-day battery"
GE-Q-0172,Germany,Kitchen Appliances,Smart Kettle Pro,46.64,EUR,"1.7L, 3000W, boil-dry protection, LED display","Smart Kettle Pro 1.7L, 3000W, boil-dry protection, LED display"
KE-R-0173,Kenya,Wearables,Fitness Tracker Band,4017.82,KES,"Steps, sleep, HR, 14-day battery","Fitness Tracker Band Steps, sleep, HR, 14-day battery"
SA-S-0174,South Africa,Audio,Wireless Bluetooth Earbuds,641.99,ZAR,"ANC, 24h battery, IPX5, USB-C","Wireless Bluetooth Earbuds ANC, 24h battery, IPX5, USB-C"
GH-T-0175,Ghana,Computing,Mechanical Keyboard,964.74,GHS,"Cherry MX, RGB, wired, UK layout","Mechanical Keyboard Cherry MX, RGB, wired, UK layout"
SA-U-0176,South Africa,Lighting,LED Desk Lamp,555.83,ZAR,"Dimmable, USB port, 5 brightness levels","LED Desk Lamp Dimmable, USB port, 5 brightness levels"
UK-V-0177,United Kingdom,Power & Batteries,Portable Power Bank 20K,19.27,GBP,"20000mAh, dual USB, 18W PD","Portable Power Bank 20K 20000mAh, dual USB, 18W PD"
NI-W-0178,Nigeria,Audio,Bluetooth Speaker,83503.05,NGN,"20W, waterproof IPX7, 15h playback","Bluetooth Speaker 20W, waterproof IPX7, 15h playback"
GE-X-0179,Germany,Computing,"Tablet 10""",194.92,EUR,"128GB, 10.1"" FHD, 4GB RAM, WiFi","Tablet 10"" 128GB, 10.1"" FHD, 4GB RAM, WiFi"
GH-Y-0180,Ghana,Home Appliances,Air Purifier Compact,1168.94,GHS,"HEPA H13, 3 speeds, 25m² coverage","Air Purifier Compact HEPA H13, 3 speeds, 25m² coverage"
NI-Z-0181,Nigeria,Computing,Mechanical Keyboard,120566.98,NGN,"Cherry MX, RGB, wired, UK layout","Mechanical Keyboard Cherry MX, RGB, wired, UK layout"
GE-A-0182,Germany,Computing,Mechanical Keyboard,70.15,EUR,"Cherry MX, RGB, wired, UK layout","Mechanical Keyboard Cherry MX, RGB, wired, UK layout"
NE-B-0183,Netherlands,Wearables,Smart Watch Sport,92.62,EUR,"GPS, heart rate, 5ATM, 7-day battery","Smart Watch Sport GPS, heart rate, 5ATM, 7-day battery"
CD-C-0184,Côte d'Ivoire,Computing,Webcam HD Pro,32651.99,XOF,"1080p 60fps, built-in mic, auto-focus","Webcam HD Pro 1080p 60fps, built-in mic, auto-focus"
FR-D-0185,France,Wearables,Fitness Tracker Band,28.98,EUR,"Steps, sleep, HR, 14-day battery","Fitness Tracker Band Steps, sleep, HR, 14-day battery"
CD-E-0186,Côte d'Ivoire,Wearables,Fitness Tracker Band,16767.64,XOF,"Steps, sleep, HR, 14-day battery","Fitness Tracker Band Steps, sleep, HR, 14-day battery"
GE-F-0187,Germany,Kitchen Appliances,Smart Kettle Pro,41.9,EUR,"1.7L, 3000W, boil-dry protection, LED display","Smart Kettle Pro 1.7L, 3000W, boil-dry protection, LED display"
NI-G-0188,Nigeria,Kitchen Appliances,Smart Kettle Pro,74841.87,NGN,"1.7L, 3000W, boil-dry protection, LED display","Smart Kettle Pro 1.7L, 3000W, boil-dry protection, LED display"
FR-H-0189,France,Wearables,Smart Watch Sport,83.05,EUR,"GPS, heart rate, 5ATM, 7-day battery","Smart Watch Sport GPS, heart rate, 5ATM, 7-day battery"
NI-I-0190,Nigeria,Home Appliances,Air Purifier Compact,168818.76,NGN,"HEPA H13, 3 speeds, 25m² coverage","Air Purifier Compact HEPA H13, 3 speeds, 25m² coverage"
FR-J-0191,France,Wearables,Fitness Tracker Band,28.14,EUR,"Steps, sleep, HR, 14-day battery","Fitness Tracker Band Steps, sleep, HR, 14-day battery"
UK-K-0192,United Kingdom,Computing,"Tablet 10""",173.7,GBP,"128GB, 10.1"" FHD, 4GB RAM, WiFi","Tablet 10"" 128GB, 10.1"" FHD, 4GB RAM, WiFi"
NI-L-0193,Nigeria,Home Appliances,Air Purifier Compact,142670.7,NGN,"HEPA H13, 3 speeds, 25m² coverage","Air Purifier Compact HEPA H13, 3 speeds, 25m² coverage"
GE-M-0194,Germany,Kitchen Appliances,Smart Kettle Pro,44.16,EUR,"1.7L, 3000W, boil-dry protection, LED display","Smart Kettle Pro 1.7L, 3000W, boil-dry protection, LED display"
CD-N-0195,Côte d'Ivoire,Kitchen Appliances,Smart Kettle Pro,27321.74,XOF,"1.7L, 3000W, boil-dry protection, LED display","Smart Kettle Pro 1.7L, 3000W, boil-dry protection, LED display"
CA-O-0196,Canada,Computing,"Tablet 10""",284.63,CAD,"128GB, 10.1"" FHD, 4GB RAM, WiFi","Tablet 10"" 128GB, 10.1"" FHD, 4GB RAM, WiFi"
GE-P-0197,Germany,Home Appliances,Electric Fan Tower,47.29,EUR,"Oscillating, 3 speeds, remote, timer","Electric Fan Tower Oscillating, 3 speeds, remote, timer"
NE-Q-0198,Netherlands,Solar & Power,Solar Inverter TS-9000-X,1194.95,EUR,"5kW capacity, IP65 rated, 10-year warranty, MPPT tracking","Solar Inverter TS-9000-X 5kW capacity, IP65 rated, 10-year warranty, MPPT tracking"
CD-R-0199,Côte d'Ivoire,Power & Batteries,Portable Power Bank 20K,16744.04,XOF,"20000mAh, dual USB, 18W PD","Portable Power Bank 20K 20000mAh, dual USB, 18W PD"
GE-S-0200,Germany,Computing,Mechanical Keyboard,78.93,EUR,"Cherry MX, RGB, wired, UK layout","Mechanical Keyboard Cherry MX, RGB, wired, UK layout"
KE-T-0201,Kenya,Home Appliances,Electric Fan Tower,7526.57,KES,"Oscillating, 3 speeds, remote, timer","Electric Fan Tower Oscillating, 3 speeds, remote, timer"
KE-U-0202,Kenya,Audio,Bluetooth Speaker,6454.77,KES,"20W, waterproof IPX7, 15h playback","Bluetooth Speaker 20W, waterproof IPX7, 15h playback"
KE-V-0203,Kenya,Solar & Power,Solar Inverter TS-9000-X,165617.02,KES,"5kW capacity, IP65 rated, 10-year warranty, MPPT tracking","Solar Inverter TS-9000-X 5kW capacity, IP65 rated, 10-year warranty, MPPT tracking"
KE-W-0204,Kenya,Kitchen Appliances,Smart Kettle Pro,6351.11,KES,"1.7L, 3000W, boil-dry protection, LED display","Smart Kettle Pro 1.7L, 3000W, boil-dry protection, LED display"
NI-X-0205,Nigeria,Computing,Mechanical Keyboard,129425.85,NGN,"Cherry MX, RGB, wired, UK layout","Mechanical Keyboard Cherry MX, RGB, wired, UK layout"
NE-Y-0206,Netherlands,Kitchen Appliances,Coffee Maker Drip,34.86,EUR,"12-cup, programmable, thermal carafe","Coffee Maker Drip 12-cup, programmable, thermal carafe"
NI-Z-0207,Nigeria,Home Appliances,Air Purifier Compact,163193.66,NGN,"HEPA H13, 3 speeds, 25m² coverage","Air Purifier Compact HEPA H13, 3 speeds, 25m² coverage"
FR-A-0208,France,Wearables,Fitness Tracker Band,28.63,EUR,"Steps, sleep, HR, 14-day battery","Fitness Tracker Band Steps, sleep, HR, 14-day battery"
NE-B-0209,Netherlands,Computing,"Tablet 10""",178.0,EUR,"128GB, 10.1"" FHD, 4GB RAM, WiFi","Tablet 10"" 128GB, 10.1"" FHD, 4GB RAM, WiFi"
SA-C-0210,South Africa,Computing,"Tablet 10""",3860.65,ZAR,"128GB, 10.1"" FHD, 4GB RAM, WiFi","Tablet 10"" 128GB, 10.1"" FHD, 4GB RAM, WiFi"
US-D-0211,United States,Tv & Display,LED TV 55 inch,484.38,USD,"55"" FHD LED, Smart TV, 3x HDMI, USB, built-in WiFi","LED TV 55 inch 55"" FHD LED, Smart TV, 3x HDMI, USB, built-in WiFi"
GH-E-0212,Ghana,Kitchen Appliances,Coffee Maker Drip,474.1,GHS,"12-cup, programmable, thermal carafe","Coffee Maker Drip 12-cup, programmable, thermal carafe"
NI-F-0213,Nigeria,Tv & Display,LED TV 55 inch,717093.3,NGN,"55"" FHD LED, Smart TV, 3x HDMI, USB, built-in WiFi","LED TV 55 inch 55"" FHD LED, Smart TV, 3x HDMI, USB, built-in WiFi"
GH-G-0214,Ghana,Kitchen Appliances,Coffee Maker Drip,526.16,GHS,"12-cup, programmable, thermal carafe","Coffee Maker Drip 12-cup, programmable, thermal carafe"
CD-H-0215,Côte d'Ivoire,Solar & Power,Solar Inverter TS-9000-X,734731.06,XOF,"5kW capacity, IP65 rated, 10-year warranty, MPPT tracking","Solar Inverter TS-9000-X 5kW capacity, IP65 rated, 10-year warranty, MPPT tracking"
CA-I-0216,Canada,Power & Batteries,Portable Power Bank 20K,37.82,CAD,"20000mAh, dual USB, 18W PD","Portable Power Bank 20K 20000mAh, dual USB, 18W PD"
GH-J-0217,Ghana,Wearables,Smart Watch Sport,1253.96,GHS,"GPS, heart rate, 5ATM, 7-day battery","Smart Watch Sport GPS, heart rate, 5ATM, 7-day battery"
KE-K-0218,Kenya,Solar & Power,Solar Inverter TS-9000-X,169061.1,KES,"5kW capacity, IP65 rated, 10-year warranty, MPPT tracking","Solar Inverter TS-9000-X 5kW capacity, IP65 rated, 10-year warranty, MPPT tracking"
KE-L-0219,Kenya,Audio,Wireless Bluetooth Earbuds,4972.21,KES,"ANC, 24h battery, IPX5, USB-C","Wireless Bluetooth Earbuds ANC, 24h battery, IPX5, USB-C"
CD-M-0220,Côte d'Ivoire,Home Appliances,Electric Fan Tower,33958.51,XOF,"Oscillating, 3 speeds, remote, timer","Electric Fan Tower Oscillating, 3 speeds, remote, timer"
NI-N-0221,Nigeria,Computing,"Tablet 10""",330192.84,NGN,"128GB, 10.1"" FHD, 4GB RAM, WiFi","Tablet 10"" 128GB, 10.1"" FHD, 4GB RAM, WiFi"
NI-O-0222,Nigeria,Home Appliances,Air Purifier Compact,159351.57,NGN,"HEPA H13, 3 speeds, 25m² coverage","Air Purifier Compact HEPA H13, 3 speeds, 25m² coverage"
CD-P-0223,Côte d'Ivoire,Wearables,Fitness Tracker Band,17753.38,XOF,"Steps, sleep, HR, 14-day battery","Fitness Tracker Band Steps, sleep, HR, 14-day battery"
CA-Q-0224,Canada,Solar & Power,Solar Inverter TS-9000-X,1574.89,CAD,"5kW capacity, IP65 rated, 10-year warranty, MPPT tracking","Solar Inverter TS-9000-X 5kW capacity, IP65 rated, 10-year warranty, MPPT tracking"
GH-R-0225,Ghana,Lighting,LED Desk Lamp,391.91,GHS,"Dimmable, USB port, 5 brightness levels","LED Desk Lamp Dimmable, USB port, 5 brightness levels"
SA-S-0226,South Africa,Kitchen Appliances,Coffee Maker Drip,699.34,ZAR,"12-cup, programmable, thermal carafe","Coffee Maker Drip 12-cup, programmable, thermal carafe"
GE-T-0227,Germany,Kitchen Appliances,Coffee Maker Drip,36.32,EUR,"12-cup, programmable, thermal carafe","Coffee Maker Drip 12-cup, programmable, thermal carafe"
UK-U-0228,United Kingdom,Home Appliances,Air Purifier Compact,81.05,GBP,"HEPA H13, 3 speeds, 25m² coverage","Air Purifier Compact HEPA H13, 3 speeds, 25m² coverage"
FR-V-0229,France,Audio,Bluetooth Speaker,50.02,EUR,"20W, waterproof IPX7, 15h playback","Bluetooth Speaker 20W, waterproof IPX7, 15h playback"
SA-W-0230,South Africa,Personal Care,Electric Toothbrush,823.13,ZAR,"Sonic, 3 modes, 2-week battery","Electric Toothbrush Sonic, 3 modes, 2-week battery"
FR-X-0231,France,Power & Batteries,Portable Power Bank 20K,25.98,EUR,"20000mAh, dual USB, 18W PD","Portable Power Bank 20K 20000mAh, dual USB, 18W PD"
NI-Y-0232,Nigeria,Personal Care,Electric Toothbrush,73450.14,NGN,"Sonic, 3 modes, 2-week battery","Electric Toothbrush Sonic, 3 modes, 2-week battery"
NI-Z-0233,Nigeria,Wearables,Smart Watch Sport,152905.59,NGN,"GPS, heart rate, 5ATM, 7-day battery","Smart Watch Sport GPS, heart rate, 5ATM, 7-day battery"
FR-A-0234,France,Lighting,LED Desk Lamp,27.62,EUR,"Dimmable, USB port, 5 brightness levels","LED Desk Lamp Dimmable, USB port, 5 brightness levels"
NE-B-0235,Netherlands,Computing,"Tablet 10""",202.09,EUR,"128GB, 10.1"" FHD, 4GB RAM, WiFi","Tablet 10"" 128GB, 10.1"" FHD, 4GB RAM, WiFi"
FR-C-0236,France,Wearables,Fitness Tracker Band,28.98,EUR,"Steps, sleep, HR, 14-day battery","Fitness Tracker Band Steps, sleep, HR, 14-day battery"
CD-D-0237,Côte d'Ivoire,Computing,"Tablet 10""",125438.39,XOF,"128GB, 10.1"" FHD, 4GB RAM, WiFi","Tablet 10"" 128GB, 10.1"" FHD, 4GB RAM, WiFi"
CD-E-0238,Côte d'Ivoire,Power & Batteries,Portable Power Bank 20K,15217.98,XOF,"20000mAh, dual USB, 18W PD","Portable Power Bank 20K 20000mAh, dual USB, 18W PD"
NI-F-0239,Nigeria,Computing,Webcam HD Pro,84334.45,NGN,"1080p 60fps, built-in mic, auto-focus","Webcam HD Pro 1080p 60fps, built-in mic, auto-focus"
US-G-0240,United States,Kitchen Appliances,Smart Kettle Pro,47.27,USD,"1.7L, 3000W, boil-dry protection, LED display","Smart Kettle Pro 1.7L, 3000W, boil-dry protection, LED display"
CA-H-0241,Canada,Home Appliances,Air Purifier Compact,144.51,CAD,"HEPA H13, 3 speeds, 25m² coverage","Air Purifier Compact HEPA H13, 3 speeds, 25m² coverage"
CA-I-0242,Canada,Computing,Webcam HD Pro,80.8,CAD,"1080p 60fps, built-in mic, auto-focus","Webcam HD Pro 1080p 60fps, built-in mic, auto-focus"
FR-J-0243,France,Personal Care,Electric Toothbrush,41.67,EUR,"Sonic, 3 modes, 2-week battery","Electric Toothbrush Sonic, 3 modes, 2-week battery"
KE-K-0244,Kenya,Wearables,Fitness Tracker Band,3580.58,KES,"Steps, sleep, HR, 14-day battery","Fitness Tracker Band Steps, sleep, HR, 14-day battery"
FR-L-0245,France,Wearables,Smart Watch Sport,83.36,EUR,"GPS, heart rate, 5ATM, 7-day battery","Smart Watch Sport GPS, heart rate, 5ATM, 7-day battery"
UK-M-0246,United Kingdom,Lighting,LED Desk Lamp,24.38,GBP,"Dimmable, USB port, 5 brightness levels","LED Desk Lamp Dimmable, USB port, 5 brightness levels"
FR-N-0247,France,Audio,Wireless Bluetooth Earbuds,32.31,EUR,"ANC, 24h battery, IPX5, USB-C","Wireless Bluetooth Earbuds ANC, 24h battery, IPX5, USB-C"
UK-O-0248,United Kingdom,Computing,"Tablet 10""",157.16,GBP,"128GB, 10.1"" FHD, 4GB RAM, WiFi","Tablet 10"" 128GB, 10.1"" FHD, 4GB RAM, WiFi"
SA-P-0249,South Africa,Power & Batteries,Portable Power Bank 20K,472.34,ZAR,"20000mAh, dual USB, 18W PD","Portable Power Bank 20K 20000mAh, dual USB, 18W PD"
GH-Q-0250,Ghana,Kitchen Appliances,Smart Kettle Pro,640.71,GHS,"1.7L, 3000W, boil-dry protection, LED display","Smart Kettle Pro 1.7L, 3000W, boil-dry protection, LED display"
GH-R-0251,Ghana,Solar & Power,Solar Inverter TS-9000-X,15094.07,GHS,"5kW capacity, IP65 rated, 10-year warranty, MPPT tracking","Solar Inverter TS-9000-X 5kW capacity, IP65 rated, 10-year warranty, MPPT tracking"
NI-S-0252,Nigeria,Computing,"Tablet 10""",301289.95,NGN,"128GB, 10.1"" FHD, 4GB RAM, WiFi","Tablet 10"" 128GB, 10.1"" FHD, 4GB RAM, WiFi"
UK-T-0253,United Kingdom,Solar & Power,Solar Inverter TS-9000-X,1008.73,GBP,"5kW capacity, IP65 rated, 10-year warranty, MPPT tracking","Solar Inverter TS-9000-X 5kW capacity, IP65 rated, 10-year warranty, MPPT tracking"
UK-U-0254,United Kingdom,Wearables,Fitness Tracker Band,25.27,GBP,"Steps, sleep, HR, 14-day battery","Fitness Tracker Band Steps, sleep, HR, 14-day battery"
NI-V-0255,Nigeria,Audio,Bluetooth Speaker,76233.19,NGN,"20W, waterproof IPX7, 15h playback","Bluetooth Speaker 20W, waterproof IPX7, 15h playback"
US-W-0256,United States,Audio,Bluetooth Speaker,50.4,USD,"20W, waterproof IPX7, 15h playback","Bluetooth Speaker 20W, waterproof IPX7, 15h playback"
FR-X-0257,France,Wearables,Fitness Tracker Band,26.14,EUR,"Steps, sleep, HR, 14-day battery","Fitness Tracker Band Steps, sleep, HR, 14-day battery"
CD-Y-0258,Côte d'Ivoire,Audio,Bluetooth Speaker,33065.95,XOF,"20W, waterproof IPX7, 15h playback","Bluetooth Speaker 20W, waterproof IPX7, 15h playback"
US-Z-0259,United States,Personal Care,Electric Toothbrush,43.89,USD,"Sonic, 3 modes, 2-week battery","Electric Toothbrush Sonic, 3 modes, 2-week battery"
UK-A-0260,United Kingdom,Personal Care,Electric Toothbrush,36.81,GBP,"Sonic, 3 modes, 2-week battery","Electric Toothbrush Sonic, 3 modes, 2-week battery"
CA-B-0261,Canada,Computing,Mechanical Keyboard,111.62,CAD,"Cherry MX, RGB, wired, UK layout","Mechanical Keyboard Cherry MX, RGB, wired, UK layout"
CD-C-0262,Côte d'Ivoire,Computing,Mechanical Keyboard,43034.13,XOF,"Cherry MX, RGB, wired, UK layout","Mechanical Keyboard Cherry MX, RGB, wired, UK layout"
GE-D-0263,Germany,Computing,"Tablet 10""",179.47,EUR,"128GB, 10.1"" FHD, 4GB RAM, WiFi","Tablet 10"" 128GB, 10.1"" FHD, 4GB RAM, WiFi"
GH-E-0264,Ghana,Lighting,LED Desk Lamp,368.81,GHS,"Dimmable, USB port, 5 brightness levels","LED Desk Lamp Dimmable, USB port, 5 brightness levels"
GE-F-0265,Germany,Power & Batteries,Portable Power Bank 20K,23.96,EUR,"20000mAh, dual USB, 18W PD","Portable Power Bank 20K 20000mAh, dual USB, 18W PD"
US-G-0266,United States,Home Appliances,Electric Fan Tower,51.4,USD,"Oscillating, 3 speeds, remote, timer","Electric Fan Tower Oscillating, 3 speeds, remote, timer"
KE-H-0267,Kenya,Personal Care,Electric Toothbrush,5865.11,KES,"Sonic, 3 modes, 2-week battery","Electric Toothbrush Sonic, 3 modes, 2-week battery"
NE-I-0268,Netherlands,Computing,Webcam HD Pro,50.98,EUR,"1080p 60fps, built-in mic, auto-focus","Webcam HD Pro 1080p 60fps, built-in mic, auto-focus"
CD-J-0269,Côte d'Ivoire,Personal Care,Electric Toothbrush,24152.02,XOF,"Sonic, 3 modes, 2-week battery","Electric Toothbrush Sonic, 3 modes, 2-week battery"
FR-K-0270,France,Wearables,Smart Watch Sport,81.1,EUR,"GPS, heart rate, 5ATM, 7-day battery","Smart Watch Sport GPS, heart rate, 5ATM, 7-day battery"
CD-L-0271,Côte d'Ivoire,Audio,Wireless Bluetooth Earbuds,22535.84,XOF,"ANC, 24h battery, IPX5, USB-C","Wireless Bluetooth Earbuds ANC, 24h battery, IPX5, USB-C"
CA-M-0272,Canada,Computing,Mechanical Keyboard,97.97,CAD,"Cherry MX, RGB, wired, UK layout","Mechanical Keyboard Cherry MX, RGB, wired, UK layout"
GH-N-0273,Ghana,Power & Batteries,Portable Power Bank 20K,322.31,GHS,"20000mAh, dual USB, 18W PD","Portable Power Bank 20K 20000mAh, dual USB, 18W PD"
KE-O-0274,Kenya,Solar & Power,Solar Inverter TS-9000-X,173811.82,KES,"5kW capacity, IP65 rated, 10-year warranty, MPPT tracking","Solar Inverter TS-9000-X 5kW capacity, IP65 rated, 10-year warranty, MPPT tracking"
CD-P-0275,Côte d'Ivoire,Computing,"Tablet 10""",134498.01,XOF,"128GB, 10.1"" FHD, 4GB RAM, WiFi","Tablet 10"" 128GB, 10.1"" FHD, 4GB RAM, WiFi"
KE-Q-0276,Kenya,Solar & Power,Solar Inverter TS-9000-X,146204.69,KES,"5kW capacity, IP65 rated, 10-year warranty, MPPT tracking","Solar Inverter TS-9000-X 5kW capacity, IP65 rated, 10-year warranty, MPPT tracking"
FR-R-0277,France,Home Appliances,Electric Fan Tower,53.96,EUR,"Oscillating, 3 speeds, remote, timer","Electric Fan Tower Oscillating, 3 speeds, remote, timer"
NI-S-0278,Nigeria,Home Appliances,Air Purifier Compact,144672.96,NGN,"HEPA H13, 3 speeds, 25m² coverage","Air Purifier Compact HEPA H13, 3 speeds, 25m² coverage"
KE-T-0279,Kenya,Wearables,Smart Watch Sport,11222.25,KES,"GPS, heart rate, 5ATM, 7-day battery","Smart Watch Sport GPS, heart rate, 5ATM, 7-day battery"
NI-U-0280,Nigeria,Audio,Bluetooth Speaker,80638.53,NGN,"20W, waterproof IPX7, 15h playback","Bluetooth Speaker 20W, waterproof IPX7, 15h playback"
GH-V-0281,Ghana,Computing,Webcam HD Pro,705.87,GHS,"1080p 60fps, built-in mic, auto-focus","Webcam HD Pro 1080p 60fps, built-in mic, auto-focus"
KE-W-0282,Kenya,Kitchen Appliances,Coffee Maker Drip,5294.73,KES,"12-cup, programmable, thermal carafe","Coffee Maker Drip 12-cup, programmable, thermal carafe"
UK-X-0283,United Kingdom,Personal Care,Electric Toothbrush,36.1,GBP,"Sonic, 3 modes, 2-week battery","Electric Toothbrush Sonic, 3 modes, 2-week battery"
SA-Y-0284,South Africa,Lighting,LED Desk Lamp,527.0,ZAR,"Dimmable, USB port, 5 brightness levels","LED Desk Lamp Dimmable, USB port, 5 brightness levels"
NE-Z-0285,Netherlands,Wearables,Smart Watch Sport,90.26,EUR,"GPS, heart rate, 5ATM, 7-day battery","Smart Watch Sport GPS, heart rate, 5ATM, 7-day battery"
NE-A-0286,Netherlands,Kitchen Appliances,Coffee Maker Drip,33.76,EUR,"12-cup, programmable, thermal carafe","Coffee Maker Drip 12-cup, programmable, thermal carafe"
US-B-0287,United States,Lighting,LED Desk Lamp,27.52,USD,"Dimmable, USB port, 5 brightness levels","LED Desk Lamp Dimmable, USB port, 5 brightness levels"
US-C-0288,United States,Home Appliances,Electric Fan Tower,50.35,USD,"Oscillating, 3 speeds, remote, timer","Electric Fan Tower Oscillating, 3 speeds, remote, timer"
NE-D-0289,Netherlands,Computing,"Tablet 10""",190.65,EUR,"128GB, 10.1"" FHD, 4GB RAM, WiFi","Tablet 10"" 128GB, 10.1"" FHD, 4GB RAM, WiFi"
GH-E-0290,Ghana,Audio,Bluetooth Speaker,600.53,GHS,"20W, waterproof IPX7, 15h playback","Bluetooth Speaker 20W, waterproof IPX7, 15h playback"
UK-F-0291,United Kingdom,Kitchen Appliances,Coffee Maker Drip,32.72,GBP,"12-cup, programmable, thermal carafe","Coffee Maker Drip 12-cup, programmable, thermal carafe"
KE-G-0292,Kenya,Computing,"Tablet 10""",25115.3,KES,"128GB, 10.1"" FHD, 4GB RAM, WiFi","Tablet 10"" 128GB, 10.1"" FHD, 4GB RAM, WiFi"
UK-H-0293,United Kingdom,Audio,Bluetooth Speaker,36.63,GBP,"20W, waterproof IPX7, 15h playback","Bluetooth Speaker 20W, waterproof IPX7, 15h playback"
NI-I-0294,Nigeria,Power & Batteries,Portable Power Bank 20K,44507.06,NGN,"20000mAh, dual USB, 18W PD","Portable Power Bank 20K 20000mAh, dual USB, 18W PD"
GH-J-0295,Ghana,Tv & Display,LED TV 55 inch,6444.55,GHS,"55"" FHD LED, Smart TV, 3x HDMI, USB, built-in WiFi","LED TV 55 inch 55"" FHD LED, Smart TV, 3x HDMI, USB, built-in WiFi"
SA-K-0296,South Africa,Computing,Mechanical Keyboard,1406.87,ZAR,"Cherry MX, RGB, wired, UK layout","Mechanical Keyboard Cherry MX, RGB, wired, UK layout"
GH-L-0297,Ghana,Computing,"Tablet 10""",2669.05,GHS,"128GB, 10.1"" FHD, 4GB RAM, WiFi","Tablet 10"" 128GB, 10.1"" FHD, 4GB RAM, WiFi"
US-M-0298,United States,Solar & Power,Solar Inverter TS-9000-X,1247.15,USD,"5kW capacity, IP65 rated, 10-year warranty, MPPT tracking","Solar Inverter TS-9000-X 5kW capacity, IP65 rated, 10-year warranty, MPPT tracking"
UK-N-0299,United Kingdom,Wearables,Fitness Tracker Band,22.84,GBP,"Steps, sleep, HR, 14-day battery","Fitness Tracker Band Steps, sleep, HR, 14-day battery"
SA-O-0300,South Africa,Home Appliances,Air Purifier Compact,1822.0,ZAR,"HEPA H13, 3 speeds, 25m² coverage","Air Purifier Compact HEPA H13, 3 speeds, 25m² coverage"
CA-P-0301,Canada,Computing,Mechanical Keyboard,105.34,CAD,"Cherry MX, RGB, wired, UK layout","Mechanical Keyboard Cherry MX, RGB, wired, UK layout"
CA-Q-0302,Canada,Computing,"Tablet 10""",287.2,CAD,"128GB, 10.1"" FHD, 4GB RAM, WiFi","Tablet 10"" 128GB, 10.1"" FHD, 4GB RAM, WiFi"
UK-R-0303,United Kingdom,Computing,"Tablet 10""",154.04,GBP,"128GB, 10.1"" FHD, 4GB RAM, WiFi","Tablet 10"" 128GB, 10.1"" FHD, 4GB RAM, WiFi"
SA-S-0304,South Africa,Personal Care,Electric Toothbrush,847.86,ZAR,"Sonic, 3 modes, 2-week battery","Electric Toothbrush Sonic, 3 modes, 2-week battery"
UK-T-0305,United Kingdom,Lighting,LED Desk Lamp,22.73,GBP,"Dimmable, USB port, 5 brightness levels","LED Desk Lamp Dimmable, USB port, 5 brightness levels"
FR-U-0306,France,Kitchen Appliances,Coffee Maker Drip,33.86,EUR,"12-cup, programmable, thermal carafe","Coffee Maker Drip 12-cup, programmable, thermal carafe"
CA-V-0307,Canada,Solar & Power,Solar Inverter TS-9000-X,1835.55,CAD,"5kW capacity, IP65 rated, 10-year warranty, MPPT tracking","Solar Inverter TS-9000-X 5kW capacity, IP65 rated, 10-year warranty, MPPT tracking"
SA-W-0308,South Africa,Home Appliances,Air Purifier Compact,1728.19,ZAR,"HEPA H13, 3 speeds, 25m² coverage","Air Purifier Compact HEPA H13, 3 speeds, 25m² coverage"
FR-X-0309,France,Computing,Mechanical Keyboard,75.15,EUR,"Cherry MX, RGB, wired, UK layout","Mechanical Keyboard Cherry MX, RGB, wired, UK layout"
KE-Y-0310,Kenya,Audio,Bluetooth Speaker,6409.73,KES,"20W, waterproof IPX7, 15h playback","Bluetooth Speaker 20W, waterproof IPX7, 15h playback"
NE-Z-0311,Netherlands,Home Appliances,Electric Fan Tower,49.91,EUR,"Oscillating, 3 speeds, remote, timer","Electric Fan Tower Oscillating, 3 speeds, remote, timer"
GE-A-0312,Germany,Computing,"Tablet 10""",175.6,EUR,"128GB, 10.1"" FHD, 4GB RAM, WiFi","Tablet 10"" 128GB, 10.1"" FHD, 4GB RAM, WiFi"
KE-B-0313,Kenya,Lighting,LED Desk Lamp,3545.43,KES,"Dimmable, USB port, 5 brightness levels","LED Desk Lamp Dimmable, USB port, 5 brightness levels"
NE-C-0314,Netherlands,Home Appliances,Air Purifier Compact,87.53,EUR,"HEPA H13, 3 speeds, 25m² coverage","Air Purifier Compact HEPA H13, 3 speeds, 25m² coverage"
CD-D-0315,Côte d'Ivoire,Lighting,LED Desk Lamp,18380.25,XOF,"Dimmable, USB port, 5 brightness levels","LED Desk Lamp Dimmable, USB port, 5 brightness levels"
NE-E-0316,Netherlands,Solar & Power,Solar Inverter TS-9000-X,1234.07,EUR,"5kW capacity, IP65 rated, 10-year warranty, MPPT tracking","Solar Inverter TS-9000-X 5kW capacity, IP65 rated, 10-year warranty, MPPT tracking"
CA-F-0317,Canada,Computing,Mechanical Keyboard,98.29,CAD,"Cherry MX, RGB, wired, UK layout","Mechanical Keyboard Cherry MX, RGB, wired, UK layout"
GE-G-0318,Germany,Solar & Power,Solar Inverter TS-9000-X,1185.22,EUR,"5kW capacity, IP65 rated, 10-year warranty, MPPT tracking","Solar Inverter TS-9000-X 5kW capacity, IP65 rated, 10-year warranty, MPPT tracking"
GH-H-0319,Ghana,Tv & Display,LED TV 55 inch,5942.49,GHS,"55"" FHD LED, Smart TV, 3x HDMI, USB, built-in WiFi","LED TV 55 inch 55"" FHD LED, Smart TV, 3x HDMI, USB, built-in WiFi"
NE-I-0320,Netherlands,Personal Care,Electric Toothbrush,36.84,EUR,"Sonic, 3 modes, 2-week battery","Electric Toothbrush Sonic, 3 modes, 2-week battery"
NE-J-0321,Netherlands,Lighting,LED Desk Lamp,25.71,EUR,"Dimmable, USB port, 5 brightness levels","LED Desk Lamp Dimmable, USB port, 5 brightness levels"
UK-K-0322,United Kingdom,Kitchen Appliances,Smart Kettle Pro,36.42,GBP,"1.7L, 3000W, boil-dry protection, LED display","Smart Kettle Pro 1.7L, 3000W, boil-dry protection, LED display"
KE-L-0323,Kenya,Kitchen Appliances,Smart Kettle Pro,6225.1,KES,"1.7L, 3000W, boil-dry protection, LED display","Smart Kettle Pro 1.7L, 3000W, boil-dry protection, LED display"
UK-M-0324,United Kingdom,Home Appliances,Electric Fan Tower,39.49,GBP,"Oscillating, 3 speeds, remote, timer","Electric Fan Tower Oscillating, 3 speeds, remote, timer"
CA-N-0325,Canada,Home Appliances,Air Purifier Compact,137.36,CAD,"HEPA H13, 3 speeds, 25m² coverage","Air Purifier Compact HEPA H13, 3 speeds, 25m² coverage"
US-O-0326,United States,Home Appliances,Electric Fan Tower,52.22,USD,"Oscillating, 3 speeds, remote, timer","Electric Fan Tower Oscillating, 3 speeds, remote, timer"
CD-P-0327,Côte d'Ivoire,Home Appliances,Air Purifier Compact,54328.5,XOF,"HEPA H13, 3 speeds, 25m² coverage","Air Purifier Compact HEPA H13, 3 speeds, 25m² coverage"
NI-Q-0328,Nigeria,Personal Care,Electric Toothbrush,63960.1,NGN,"Sonic, 3 modes, 2-week battery","Electric Toothbrush Sonic, 3 modes, 2-week battery"
UK-R-0329,United Kingdom,Lighting,LED Desk Lamp,24.51,GBP,"Dimmable, USB port, 5 brightness levels","LED Desk Lamp Dimmable, USB port, 5 brightness levels"
GH-S-0330,Ghana,Audio,Wireless Bluetooth Earbuds,453.87,GHS,"ANC, 24h battery, IPX5, USB-C","Wireless Bluetooth Earbuds ANC, 24h battery, IPX5, USB-C"
GE-T-0331,Germany,Tv & Display,LED TV 55 inch,445.81,EUR,"55"" FHD LED, Smart TV, 3x HDMI, USB, built-in WiFi","LED TV 55 inch 55"" FHD LED, Smart TV, 3x HDMI, USB, built-in WiFi"
UK-U-0332,United Kingdom,Power & Batteries,Portable Power Bank 20K,21.45,GBP,"20000mAh, dual USB, 18W PD","Portable Power Bank 20K 20000mAh, dual USB, 18W PD"
SA-V-0333,South Africa,Kitchen Appliances,Smart Kettle Pro,782.79,ZAR,"1.7L, 3000W, boil-dry protection, LED display","Smart Kettle Pro 1.7L, 3000W, boil-dry protection, LED display"
GE-W-0334,Germany,Kitchen Appliances,Coffee Maker Drip,33.96,EUR,"12-cup, programmable, thermal carafe","Coffee Maker Drip 12-cup, programmable, thermal carafe"
NI-X-0335,Nigeria,Lighting,LED Desk Lamp,41987.74,NGN,"Dimmable, USB port, 5 brightness levels","LED Desk Lamp Dimmable, USB port, 5 brightness levels"
NI-Y-0336,Nigeria,Tv & Display,LED TV 55 inch,675126.83,NGN,"55"" FHD LED, Smart TV, 3x HDMI, USB, built-in WiFi","LED TV 55 inch 55"" FHD LED, Smart TV, 3x HDMI, USB, built-in WiFi"
UK-Z-0337,United Kingdom,Tv & Display,LED TV 55 inch,358.48,GBP,"55"" FHD LED, Smart TV, 3x HDMI, USB, built-in WiFi","LED TV 55 inch 55"" FHD LED, Smart TV, 3x HDMI, USB, built-in WiFi"
CA-A-0338,Canada,Audio,Bluetooth Speaker,64.23,CAD,"20W, waterproof IPX7, 15h playback","Bluetooth Speaker 20W, waterproof IPX7, 15h playback"
NI-B-0339,Nigeria,Power & Batteries,Portable Power Bank 20K,40181.24,NGN,"20000mAh, dual USB, 18W PD","Portable Power Bank 20K 20000mAh, dual USB, 18W PD"
KE-C-0340,Kenya,Computing,Mechanical Keyboard,10504.13,KES,"Cherry MX, RGB, wired, UK layout","Mechanical Keyboard Cherry MX, RGB, wired, UK layout"
NI-D-0341,Nigeria,Lighting,LED Desk Lamp,43874.43,NGN,"Dimmable, USB port, 5 brightness levels","LED Desk Lamp Dimmable, USB port, 5 brightness levels"
FR-E-0342,France,Home Appliances,Air Purifier Compact,90.56,EUR,"HEPA H13, 3 speeds, 25m² coverage","Air Purifier Compact HEPA H13, 3 speeds, 25m² coverage"
US-F-0343,United States,Wearables,Smart Watch Sport,93.08,USD,"GPS, heart rate, 5ATM, 7-day battery","Smart Watch Sport GPS, heart rate, 5ATM, 7-day battery"
US-G-0344,United States,Computing,Mechanical Keyboard,76.14,USD,"Cherry MX, RGB, wired, UK layout","Mechanical Keyboard Cherry MX, RGB, wired, UK layout"
US-H-0345,United States,Power & Batteries,Portable Power Bank 20K,27.16,USD,"20000mAh, dual USB, 18W PD","Portable Power Bank 20K 20000mAh, dual USB, 18W PD"
FR-I-0346,France,Personal Care,Electric Toothbrush,43.13,EUR,"Sonic, 3 modes, 2-week battery","Electric Toothbrush Sonic, 3 modes, 2-week battery"
SA-J-0347,South Africa,Computing,Webcam HD Pro,1070.92,ZAR,"1080p 60fps, built-in mic, auto-focus","Webcam HD Pro 1080p 60fps, built-in mic, auto-focus"
US-K-0348,United States,Home Appliances,Electric Fan Tower,55.46,USD,"Oscillating, 3 speeds, remote, timer","Electric Fan Tower Oscillating, 3 speeds, remote, timer"
GE-L-0349,Germany,Kitchen Appliances,Smart Kettle Pro,40.24,EUR,"1.7L, 3000W, boil-dry protection, LED display","Smart Kettle Pro 1.7L, 3000W, boil-dry protection, LED display"
US-M-0350,United States,Audio,Bluetooth Speaker,54.88,USD,"20W, waterproof IPX7, 15h playback","Bluetooth Speaker 20W, waterproof IPX7, 15h playback"
KE-N-0351,Kenya,Computing,Mechanical Keyboard,10100.5,KES,"Cherry MX, RGB, wired, UK layout","Mechanical Keyboard Cherry MX, RGB, wired, UK layout"
FR-O-0352,France,Kitchen Appliances,Coffee Maker Drip,35.95,EUR,"12-cup, programmable, thermal carafe","Coffee Maker Drip 12-cup, programmable, thermal carafe"
GH-P-0353,Ghana,Home Appliances,Electric Fan Tower,631.09,GHS,"Oscillating, 3 speeds, remote, timer","Electric Fan Tower Oscillating, 3 speeds, remote, timer"
GE-Q-0354,Germany,Personal Care,Electric Toothbrush,39.36,EUR,"Sonic, 3 modes, 2-week battery","Electric Toothbrush Sonic, 3 modes, 2-week battery"
NI-R-0355,Nigeria,Wearables,Fitness Tracker Band,49193.23,NGN,"Steps, sleep, HR, 14-day battery","Fitness Tracker Band Steps, sleep, HR, 14-day battery"
NI-S-0356,Nigeria,Tv & Display,LED TV 55 inch,781085.61,NGN,"55"" FHD LED, Smart TV, 3x HDMI, USB, built-in WiFi","LED TV 55 inch 55"" FHD LED, Smart TV, 3x HDMI, USB, built-in WiFi"
NE-T-0357,Netherlands,Power & Batteries,Portable Power Bank 20K,24.39,EUR,"20000mAh, dual USB, 18W PD","Portable Power Bank 20K 20000mAh, dual USB, 18W PD"
UK-U-0358,United Kingdom,Power & Batteries,Portable Power Bank 20K,19.5,GBP,"20000mAh, dual USB, 18W PD","Portable Power Bank 20K 20000mAh, dual USB, 18W PD"
FR-V-0359,France,Computing,"Tablet 10""",188.16,EUR,"128GB, 10.1"" FHD, 4GB RAM, WiFi","Tablet 10"" 128GB, 10.1"" FHD, 4GB RAM, WiFi"
US-W-0360,United States,Audio,Wireless Bluetooth Earbuds,38.85,USD,"ANC, 24h battery, IPX5, USB-C","Wireless Bluetooth Earbuds ANC, 24h battery, IPX5, USB-C"
FR-X-0361,France,Audio,Wireless Bluetooth Earbuds,32.28,EUR,"ANC, 24h battery, IPX5, USB-C","Wireless Bluetooth Earbuds ANC, 24h battery, IPX5, USB-C"
US-Y-0362,United States,Audio,Bluetooth Speaker,51.24,USD,"20W, waterproof IPX7, 15h playback","Bluetooth Speaker 20W, waterproof IPX7, 15h playback"
CA-Z-0363,Canada,Personal Care,Electric Toothbrush,64.76,CAD,"Sonic, 3 modes, 2-week battery","Electric Toothbrush Sonic, 3 modes, 2-week battery"
SA-A-0364,South Africa,Personal Care,Electric Toothbrush,735.88,ZAR,"Sonic, 3 modes, 2-week battery","Electric Toothbrush Sonic, 3 modes, 2-week battery"
US-B-0365,United States,Lighting,LED Desk Lamp,29.82,USD,"Dimmable, USB port, 5 brightness levels","LED Desk Lamp Dimmable, USB port, 5 brightness levels"
NE-C-0366,Netherlands,Power & Batteries,Portable Power Bank 20K,24.1,EUR,"20000mAh, dual USB, 18W PD","Portable Power Bank 20K 20000mAh, dual USB, 18W PD"
GE-D-0367,Germany,Tv & Display,LED TV 55 inch,433.43,EUR,"55"" FHD LED, Smart TV, 3x HDMI, USB, built-in WiFi","LED TV 55 inch 55"" FHD LED, Smart TV, 3x HDMI, USB, built-in WiFi"
UK-E-0368,United Kingdom,Home Appliances,Electric Fan Tower,42.44,GBP,"Oscillating, 3 speeds, remote, timer","Electric Fan Tower Oscillating, 3 speeds, remote, timer"
SA-F-0369,South Africa,Personal Care,Electric Toothbrush,723.14,ZAR,"Sonic, 3 modes, 2-week battery","Electric Toothbrush Sonic, 3 modes, 2-week battery"
US-G-0370,United States,Home Appliances,Electric Fan Tower,55.12,USD,"Oscillating, 3 speeds, remote, timer","Electric Fan Tower Oscillating, 3 speeds, remote, timer"
NE-H-0371,Netherlands,Solar & Power,Solar Inverter TS-9000-X,1216.61,EUR,"5kW capacity, IP65 rated, 10-year warranty, MPPT tracking","Solar Inverter TS-9000-X 5kW capacity, IP65 rated, 10-year warranty, MPPT tracking"
CA-I-0372,Canada,Computing,Mechanical Keyboard,102.97,CAD,"Cherry MX, RGB, wired, UK layout","Mechanical Keyboard Cherry MX, RGB, wired, UK layout"
FR-J-0373,France,Audio,Wireless Bluetooth Earbuds,35.59,EUR,"ANC, 24h battery, IPX5, USB-C","Wireless Bluetooth Earbuds ANC, 24h battery, IPX5, USB-C"
US-K-0374,United States,Computing,"Tablet 10""",195.66,USD,"128GB, 10.1"" FHD, 4GB RAM, WiFi","Tablet 10"" 128GB, 10.1"" FHD, 4GB RAM, WiFi"
NE-L-0375,Netherlands,Computing,Webcam HD Pro,54.11,EUR,"1080p 60fps, built-in mic, auto-focus","Webcam HD Pro 1080p 60fps, built-in mic, auto-focus"
NE-M-0376,Netherlands,Audio,Wireless Bluetooth Earbuds,31.46,EUR,"ANC, 24h battery, IPX5, USB-C","Wireless Bluetooth Earbuds ANC, 24h battery, IPX5, USB-C"
CD-N-0377,Côte d'Ivoire,Computing,Mechanical Keyboard,44066.19,XOF,"Cherry MX, RGB, wired, UK layout","Mechanical Keyboard Cherry MX, RGB, wired, UK layout"
US-O-0378,United States,Computing,Webcam HD Pro,59.16,USD,"1080p 60fps, built-in mic, auto-focus","Webcam HD Pro 1080p 60fps, built-in mic, auto-focus"
UK-P-0379,United Kingdom,Computing,Webcam HD Pro,47.31,GBP,"1080p 60fps, built-in mic, auto-focus","Webcam HD Pro 1080p 60fps, built-in mic, auto-focus"
NI-Q-0380,Nigeria,Wearables,Fitness Tracker Band,48409.72,NGN,"Steps, sleep, HR, 14-day battery","Fitness Tracker Band Steps, sleep, HR, 14-day battery"
SA-R-0381,South Africa,Computing,"Tablet 10""",3993.82,ZAR,"128GB, 10.1"" FHD, 4GB RAM, WiFi","Tablet 10"" 128GB, 10.1"" FHD, 4GB RAM, WiFi"
NE-S-0382,Netherlands,Lighting,LED Desk Lamp,27.39,EUR,"Dimmable, USB port, 5 brightness levels","LED Desk Lamp Dimmable, USB port, 5 brightness levels"
CA-T-0383,Canada,Wearables,Fitness Tracker Band,37.6,CAD,"Steps, sleep, HR, 14-day battery","Fitness Tracker Band Steps, sleep, HR, 14-day battery"
SA-U-0384,South Africa,Lighting,LED Desk Lamp,567.72,ZAR,"Dimmable, USB port, 5 brightness levels","LED Desk Lamp Dimmable, USB port, 5 brightness levels"
KE-V-0385,Kenya,Kitchen Appliances,Smart Kettle Pro,5900.36,KES,"1.7L, 3000W, boil-dry protection, LED display","Smart Kettle Pro 1.7L, 3000W, boil-dry protection, LED display"
SA-W-0386,South Africa,Computing,"Tablet 10""",3872.49,ZAR,"128GB, 10.1"" FHD, 4GB RAM, WiFi","Tablet 10"" 128GB, 10.1"" FHD, 4GB RAM, WiFi"
NI-X-0387,Nigeria,Lighting,LED Desk Lamp,46383.14,NGN,"Dimmable, USB port, 5 brightness levels","LED Desk Lamp Dimmable, USB port, 5 brightness levels"
NI-Y-0388,Nigeria,Computing,"Tablet 10""",335842.27,NGN,"128GB, 10.1"" FHD, 4GB RAM, WiFi","Tablet 10"" 128GB, 10.1"" FHD, 4GB RAM, WiFi"
NI-Z-0389,Nigeria,Audio,Wireless Bluetooth Earbuds,54937.36,NGN,"ANC, 24h battery, IPX5, USB-C","Wireless Bluetooth Earbuds ANC, 24h battery, IPX5, USB-C"
NI-A-0390,Nigeria,Tv & Display,LED TV 55 inch,747764.53,NGN,"55"" FHD LED, Smart TV, 3x HDMI, USB, built-in WiFi","LED TV 55 inch 55"" FHD LED, Smart TV, 3x HDMI, USB, built-in WiFi"
CA-B-0391,Canada,Lighting,LED Desk Lamp,43.18,CAD,"Dimmable, USB port, 5 brightness levels","LED Desk Lamp Dimmable, USB port, 5 brightness levels"
CD-C-0392,Côte d'Ivoire,Audio,Wireless Bluetooth Earbuds,22426.21,XOF,"ANC, 24h battery, IPX5, USB-C","Wireless Bluetooth Earbuds ANC, 24h battery, IPX5, USB-C"
SA-D-0393,South Africa,Computing,Webcam HD Pro,1068.13,ZAR,"1080p 60fps, built-in mic, auto-focus","Webcam HD Pro 1080p 60fps, built-in mic, auto-focus"
GH-E-0394,Ghana,Personal Care,Electric Toothbrush,520.32,GHS,"Sonic, 3 modes, 2-week battery","Electric Toothbrush Sonic, 3 modes, 2-week battery"
KE-F-0395,Kenya,Solar & Power,Solar Inverter TS-9000-X,169998.39,KES,"5kW capacity, IP65 rated, 10-year warranty, MPPT tracking","Solar Inverter TS-9000-X 5kW capacity, IP65 rated, 10-year warranty, MPPT tracking"
FR-G-0396,France,Kitchen Appliances,Smart Kettle Pro,43.7,EUR,"1.7L, 3000W, boil-dry protection, LED display","Smart Kettle Pro 1.7L, 3000W, boil-dry protection, LED display"
US-H-0397,United States,Computing,"Tablet 10""",203.59,USD,"128GB, 10.1"" FHD, 4GB RAM, WiFi","Tablet 10"" 128GB, 10.1"" FHD, 4GB RAM, WiFi"
US-I-0398,United States,Kitchen Appliances,Smart Kettle Pro,42.87,USD,"1.7L, 3000W, boil-dry protection, LED display","Smart Kettle Pro 1.7L, 3000W, boil-dry protection, LED display"
CA-J-0399,Canada,Computing,"Tablet 10""",280.04,CAD,"128GB, 10.1"" FHD, 4GB RAM, WiFi","Tablet 10"" 128GB, 10.1"" FHD, 4GB RAM, WiFi"
KE-K-0400,Kenya,Kitchen Appliances,Smart Kettle Pro,5829.01,KES,"1.7L, 3000W, boil-dry protection, LED display","Smart Kettle Pro 1.7L, 3000W, boil-dry protection, LED display"
UK-L-0401,United Kingdom,Kitchen Appliances,Smart Kettle Pro,35.98,GBP,"1.7L, 3000W, boil-dry protection, LED display","Smart Kettle Pro 1.7L, 3000W, boil-dry protection, LED display"
UK-M-0402,United Kingdom,Audio,Wireless Bluetooth Earbuds,28.77,GBP,"ANC, 24h battery, IPX5, USB-C","Wireless Bluetooth Earbuds ANC, 24h battery, IPX5, USB-C"
NI-N-0403,Nigeria,Tv & Display,LED TV 55 inch,761377.13,NGN,"55"" FHD LED, Smart TV, 3x HDMI, USB, built-in WiFi","LED TV 55 inch 55"" FHD LED, Smart TV, 3x HDMI, USB, built-in WiFi"
NE-O-0404,Netherlands,Computing,Webcam HD Pro,49.76,EUR,"1080p 60fps, built-in mic, auto-focus","Webcam HD Pro 1080p 60fps, built-in mic, auto-focus"
UK-P-0405,United Kingdom,Computing,Webcam HD Pro,45.83,GBP,"1080p 60fps, built-in mic, auto-focus","Webcam HD Pro 1080p 60fps, built-in mic, auto-focus"
NE-Q-0406,Netherlands,Kitchen Appliances,Coffee Maker Drip,33.6,EUR,"12-cup, programmable, thermal carafe","Coffee Maker Drip 12-cup, programmable, thermal carafe"
NI-R-0407,Nigeria,Audio,Wireless Bluetooth Earbuds,54015.69,NGN,"ANC, 24h battery, IPX5, USB-C","Wireless Bluetooth Earbuds ANC, 24h battery, IPX5, USB-C"
GH-S-0408,Ghana,Home Appliances,Electric Fan Tower,664.82,GHS,"Oscillating, 3 speeds, remote, timer","Electric Fan Tower Oscillating, 3 speeds, remote, timer"
SA-T-0409,South Africa,Home Appliances,Air Purifier Compact,1709.41,ZAR,"HEPA H13, 3 speeds, 25m² coverage","Air Purifier Compact HEPA H13, 3 speeds, 25m² coverage"
NI-U-0410,Nigeria,Solar & Power,Solar Inverter TS-9000-X,1833716.1,NGN,"5kW capacity, IP65 rated, 10-year warranty, MPPT tracking","Solar Inverter TS-9000-X 5kW capacity, IP65 rated, 10-year warranty, MPPT tracking"
KE-V-0411,Kenya,Personal Care,Electric Toothbrush,5459.11,KES,"Sonic, 3 modes, 2-week battery","Electric Toothbrush Sonic, 3 modes, 2-week battery"
KE-W-0412,Kenya,Personal Care,Electric Toothbrush,5902.39,KES,"Sonic, 3 modes, 2-week battery","Electric Toothbrush Sonic, 3 modes, 2-week battery"
SA-X-0413,South Africa,Computing,Mechanical Keyboard,1323.15,ZAR,"Cherry MX, RGB, wired, UK layout","Mechanical Keyboard Cherry MX, RGB, wired, UK layout"
CA-Y-0414,Canada,Tv & Display,LED TV 55 inch,697.8,CAD,"55"" FHD LED, Smart TV, 3x HDMI, USB, built-in WiFi","LED TV 55 inch 55"" FHD LED, Smart TV, 3x HDMI, USB, built-in WiFi"
NE-Z-0415,Netherlands,Computing,Mechanical Keyboard,71.34,EUR,"Cherry MX, RGB, wired, UK layout","Mechanical Keyboard Cherry MX, RGB, wired, UK layout"
SA-A-0416,South Africa,Computing,"Tablet 10""",3904.99,ZAR,"128GB, 10.1"" FHD, 4GB RAM, WiFi","Tablet 10"" 128GB, 10.1"" FHD, 4GB RAM, WiFi"
NE-B-0417,Netherlands,Lighting,LED Desk Lamp,27.75,EUR,"Dimmable, USB port, 5 brightness levels","LED Desk Lamp Dimmable, USB port, 5 brightness levels"
UK-C-0418,United Kingdom,Lighting,LED Desk Lamp,22.06,GBP,"Dimmable, USB port, 5 brightness levels","LED Desk Lamp Dimmable, USB port, 5 brightness levels"
GE-D-0419,Germany,Wearables,Fitness Tracker Band,26.8,EUR,"Steps, sleep, HR, 14-day battery","Fitness Tracker Band Steps, sleep, HR, 14-day battery"
CD-E-0420,Côte d'Ivoire,Audio,Wireless Bluetooth Earbuds,20640.37,XOF,"ANC, 24h battery, IPX5, USB-C","Wireless Bluetooth Earbuds ANC, 24h battery, IPX5, USB-C"
SA-F-0421,South Africa,Wearables,Fitness Tracker Band,528.09,ZAR,"Steps, sleep, HR, 14-day battery","Fitness Tracker Band Steps, sleep, HR, 14-day battery"
US-G-0422,United States,Solar & Power,Solar Inverter TS-9000-X,1191.6,USD,"5kW capacity, IP65 rated, 10-year warranty, MPPT tracking","Solar Inverter TS-9000-X 5kW capacity, IP65 rated, 10-year warranty, MPPT tracking"
GE-H-0423,Germany,Audio,Bluetooth Speaker,46.49,EUR,"20W, waterproof IPX7, 15h playback","Bluetooth Speaker 20W, waterproof IPX7, 15h playback"
UK-I-0424,United Kingdom,Wearables,Fitness Tracker Band,24.31,GBP,"Steps, sleep, HR, 14-day battery","Fitness Tracker Band Steps, sleep, HR, 14-day battery"
CD-J-0425,Côte d'Ivoire,Audio,Wireless Bluetooth Earbuds,20000.22,XOF,"ANC, 24h battery, IPX5, USB-C","Wireless Bluetooth Earbuds ANC, 24h battery, IPX5, USB-C"
CA-K-0426,Canada,Kitchen Appliances,Smart Kettle Pro,65.27,CAD,"1.7L, 3000W, boil-dry protection, LED display","Smart Kettle Pro 1.7L, 3000W, boil-dry protection, LED display"
CA-L-0427,Canada,Wearables,Fitness Tracker Band,43.85,CAD,"Steps, sleep, HR, 14-day battery","Fitness Tracker Band Steps, sleep, HR, 14-day battery"
GH-M-0428,Ghana,Power & Batteries,Portable Power Bank 20K,354.63,GHS,"20000mAh, dual USB, 18W PD","Portable Power Bank 20K 20000mAh, dual USB, 18W PD"
CA-N-0429,Canada,Computing,"Tablet 10""",266.46,CAD,"128GB, 10.1"" FHD, 4GB RAM, WiFi","Tablet 10"" 128GB, 10.1"" FHD, 4GB RAM, WiFi"
CD-O-0430,Côte d'Ivoire,Solar & Power,Solar Inverter TS-9000-X,772431.35,XOF,"5kW capacity, IP65 rated, 10-year warranty, MPPT tracking","Solar Inverter TS-9000-X 5kW capacity, IP65 rated, 10-year warranty, MPPT tracking"
NE-P-0431,Netherlands,Home Appliances,Electric Fan Tower,46.03,EUR,"Oscillating, 3 speeds, remote, timer","Electric Fan Tower Oscillating, 3 speeds, remote, timer"
CA-Q-0432,Canada,Computing,Mechanical Keyboard,109.77,CAD,"Cherry MX, RGB, wired, UK layout","Mechanical Keyboard Cherry MX, RGB, wired, UK layout"
FR-R-0433,France,Home Appliances,Electric Fan Tower,48.74,EUR,"Oscillating, 3 speeds, remote, timer","Electric Fan Tower Oscillating, 3 speeds, remote, timer"
CD-S-0434,Côte d'Ivoire,Tv & Display,LED TV 55 inch,273719.39,XOF,"55"" FHD LED, Smart TV, 3x HDMI, USB, built-in WiFi","LED TV 55 inch 55"" FHD LED, Smart TV, 3x HDMI, USB, built-in WiFi"
NE-T-0435,Netherlands,Kitchen Appliances,Coffee Maker Drip,38.57,EUR,"12-cup, programmable, thermal carafe","Coffee Maker Drip 12-cup, programmable, thermal carafe"
KE-U-0436,Kenya,Solar & Power,Solar Inverter TS-9000-X,169391.61,KES,"5kW capacity, IP65 rated, 10-year warranty, MPPT tracking","Solar Inverter TS-9000-X 5kW capacity, IP65 rated, 10-year warranty, MPPT tracking"
CD-V-0437,Côte d'Ivoire,Computing,Mechanical Keyboard,48082.68,XOF,"Cherry MX, RGB, wired, UK layout","Mechanical Keyboard Cherry MX, RGB, wired, UK layout"
US-W-0438,United States,Lighting,LED Desk Lamp,29.75,USD,"Dimmable, USB port, 5 brightness levels","LED Desk Lamp Dimmable, USB port, 5 brightness levels"
FR-X-0439,France,Solar & Power,Solar Inverter TS-9000-X,1068.73,EUR,"5kW capacity, IP65 rated, 10-year warranty, MPPT tracking","Solar Inverter TS-9000-X 5kW capacity, IP65 rated, 10-year warranty, MPPT tracking"
GH-Y-0440,Ghana,Home Appliances,Air Purifier Compact,1346.13,GHS,"HEPA H13, 3 speeds, 25m² coverage","Air Purifier Compact HEPA H13, 3 speeds, 25m² coverage"
GE-Z-0441,Germany,Solar & Power,Solar Inverter TS-9000-X,1053.64,EUR,"5kW capacity, IP65 rated, 10-year warranty, MPPT tracking","Solar Inverter TS-9000-X 5kW capacity, IP65 rated, 10-year warranty, MPPT tracking"
NI-A-0442,Nigeria,Kitchen Appliances,Coffee Maker Drip,64254.46,NGN,"12-cup, programmable, thermal carafe","Coffee Maker Drip 12-cup, programmable, thermal carafe"
KE-B-0443,Kenya,Home Appliances,Air Purifier Compact,11883.85,KES,"HEPA H13, 3 speeds, 25m² coverage","Air Purifier Compact HEPA H13, 3 speeds, 25m² coverage"
CD-C-0444,Côte d'Ivoire,Kitchen Appliances,Coffee Maker Drip,22677.96,XOF,"12-cup, programmable, thermal carafe","Coffee Maker Drip 12-cup, programmable, thermal carafe"
CD-D-0445,Côte d'Ivoire,Power & Batteries,Portable Power Bank 20K,16436.49,XOF,"20000mAh, dual USB, 18W PD","Portable Power Bank 20K 20000mAh, dual USB, 18W PD"
CD-E-0446,Côte d'Ivoire,Home Appliances,Air Purifier Compact,64649.84,XOF,"HEPA H13, 3 speeds, 25m² coverage","Air Purifier Compact HEPA H13, 3 speeds, 25m² coverage"
CD-F-0447,Côte d'Ivoire,Home Appliances,Air Purifier Compact,62646.91,XOF,"HEPA H13, 3 speeds, 25m² coverage","Air Purifier Compact HEPA H13, 3 speeds, 25m² coverage"
CA-G-0448,Canada,Home Appliances,Air Purifier Compact,134.28,CAD,"HEPA H13, 3 speeds, 25m² coverage","Air Purifier Compact HEPA H13, 3 speeds, 25m² coverage"
GE-H-0449,Germany,Computing,Webcam HD Pro,56.03,EUR,"1080p 60fps, built-in mic, auto-focus","Webcam HD Pro 1080p 60fps, built-in mic, auto-focus"
UK-I-0450,United Kingdom,Power & Batteries,Portable Power Bank 20K,22.26,GBP,"20000mAh, dual USB, 18W PD","Portable Power Bank 20K 20000mAh, dual USB, 18W PD"
NI-J-0451,Nigeria,Home Appliances,Electric Fan Tower,89284.33,NGN,"Oscillating, 3 speeds, remote, timer","Electric Fan Tower Oscillating, 3 speeds, remote, timer"
GH-K-0452,Ghana,Personal Care,Electric Toothbrush,500.86,GHS,"Sonic, 3 modes, 2-week battery","Electric Toothbrush Sonic, 3 modes, 2-week battery"
UK-L-0453,United Kingdom,Power & Batteries,Portable Power Bank 20K,21.65,GBP,"20000mAh, dual USB, 18W PD","Portable Power Bank 20K 20000mAh, dual USB, 18W PD"
GH-M-0454,Ghana,Computing,"Tablet 10""",2831.99,GHS,"128GB, 10.1"" FHD, 4GB RAM, WiFi","Tablet 10"" 128GB, 10.1"" FHD, 4GB RAM, WiFi"
NI-N-0455,Nigeria,Home Appliances,Air Purifier Compact,145940.96,NGN,"HEPA H13, 3 speeds, 25m² coverage","Air Purifier Compact HEPA H13, 3 speeds, 25m² coverage"
CA-O-0456,Canada,Personal Care,Electric Toothbrush,57.66,CAD,"Sonic, 3 modes, 2-week battery","Electric Toothbrush Sonic, 3 modes, 2-week battery"
CD-P-0457,Côte d'Ivoire,Solar & Power,Solar Inverter TS-9000-X,735959.36,XOF,"5kW capacity, IP65 rated, 10-year warranty, MPPT tracking","Solar Inverter TS-9000-X 5kW capacity, IP65 rated, 10-year warranty, MPPT tracking"
SA-Q-0458,South Africa,Audio,Wireless Bluetooth Earbuds,601.74,ZAR,"ANC, 24h battery, IPX5, USB-C","Wireless Bluetooth Earbuds ANC, 24h battery, IPX5, USB-C"
KE-R-0459,Kenya,Audio,Bluetooth Speaker,6415.5,KES,"20W, waterproof IPX7, 15h playback","Bluetooth Speaker 20W, waterproof IPX7, 15h playback"
CD-S-0460,Côte d'Ivoire,Kitchen Appliances,Coffee Maker Drip,25697.85,XOF,"12-cup, programmable, thermal carafe","Coffee Maker Drip 12-cup, programmable, thermal carafe"
FR-T-0461,France,Wearables,Fitness Tracker Band,26.75,EUR,"Steps, sleep, HR, 14-day battery","Fitness Tracker Band Steps, sleep, HR, 14-day battery"
NI-U-0462,Nigeria,Kitchen Appliances,Coffee Maker Drip,65475.36,NGN,"12-cup, programmable, thermal carafe","Coffee Maker Drip 12-cup, programmable, thermal carafe"
UK-V-0463,United Kingdom,Computing,"Tablet 10""",179.71,GBP,"128GB, 10.1"" FHD, 4GB RAM, WiFi","Tablet 10"" 128GB, 10.1"" FHD, 4GB RAM, WiFi"
KE-W-0464,Kenya,Kitchen Appliances,Smart Kettle Pro,5926.81,KES,"1.7L, 3000W, boil-dry protection, LED display","Smart Kettle Pro 1.7L, 3000W, boil-dry protection, LED display"
NI-X-0465,Nigeria,Wearables,Fitness Tracker Band,44256.68,NGN,"Steps, sleep, HR, 14-day battery","Fitness Tracker Band Steps, sleep, HR, 14-day battery"
UK-Y-0466,United Kingdom,Kitchen Appliances,Smart Kettle Pro,40.8,GBP,"1.7L, 3000W, boil-dry protection, LED display","Smart Kettle Pro 1.7L, 3000W, boil-dry protection, LED display"
GE-Z-0467,Germany,Kitchen Appliances,Smart Kettle Pro,40.05,EUR,"1.7L, 3000W, boil-dry protection, LED display","Smart Kettle Pro 1.7L, 3000W, boil-dry protection, LED display"
NE-A-0468,Netherlands,Wearables,Fitness Tracker Band,30.24,EUR,"Steps, sleep, HR, 14-day battery","Fitness Tracker Band Steps, sleep, HR, 14-day battery"
NI-B-0469,Nigeria,Computing,"Tablet 10""",302258.93,NGN,"128GB, 10.1"" FHD, 4GB RAM, WiFi","Tablet 10"" 128GB, 10.1"" FHD, 4GB RAM, WiFi"
US-C-0470,United States,Audio,Wireless Bluetooth Earbuds,38.75,USD,"ANC, 24h battery, IPX5, USB-C","Wireless Bluetooth Earbuds ANC, 24h battery, IPX5, USB-C"
CA-D-0471,Canada,Home Appliances,Electric Fan Tower,75.27,CAD,"Oscillating, 3 speeds, remote, timer","Electric Fan Tower Oscillating, 3 speeds, remote, timer"
CD-E-0472,Côte d'Ivoire,Audio,Bluetooth Speaker,27583.39,XOF,"20W, waterproof IPX7, 15h playback","Bluetooth Speaker 20W, waterproof IPX7, 15h playback"
KE-F-0473,Kenya,Kitchen Appliances,Coffee Maker Drip,4640.48,KES,"12-cup, programmable, thermal carafe","Coffee Maker Drip 12-cup, programmable, thermal carafe"
SA-G-0474,South Africa,Lighting,LED Desk Lamp,509.09,ZAR,"Dimmable, USB port, 5 brightness levels","LED Desk Lamp Dimmable, USB port, 5 brightness levels"
US-H-0475,United States,Kitchen Appliances,Smart Kettle Pro,44.44,USD,"1.7L, 3000W, boil-dry protection, LED display","Smart Kettle Pro 1.7L, 3000W, boil-dry protection, LED display"
GH-I-0476,Ghana,Power & Batteries,Portable Power Bank 20K,300.98,GHS,"20000mAh, dual USB, 18W PD","Portable Power Bank 20K 20000mAh, dual USB, 18W PD"
CD-J-0477,Côte d'Ivoire,Wearables,Smart Watch Sport,60076.93,XOF,"GPS, heart rate, 5ATM, 7-day battery","Smart Watch Sport GPS, heart rate, 5ATM, 7-day battery"
GH-K-0478,Ghana,Kitchen Appliances,Coffee Maker Drip,518.19,GHS,"12-cup, programmable, thermal carafe","Coffee Maker Drip 12-cup, programmable, thermal carafe"
CA-L-0479,Canada,Audio,Wireless Bluetooth Earbuds,51.7,CAD,"ANC, 24h battery, IPX5, USB-C","Wireless Bluetooth Earbuds ANC, 24h battery, IPX5, USB-C"
CD-M-0480,Côte d'Ivoire,Home Appliances,Electric Fan Tower,33302.13,XOF,"Oscillating, 3 speeds, remote, timer","Electric Fan Tower Oscillating, 3 speeds, remote, timer"
KE-N-0481,Kenya,Tv & Display,LED TV 55 inch,59173.24,KES,"55"" FHD LED, Smart TV, 3x HDMI, USB, built-in WiFi","LED TV 55 inch 55"" FHD LED, Smart TV, 3x HDMI, USB, built-in WiFi"
CA-O-0482,Canada,Wearables,Smart Watch Sport,121.5,CAD,"GPS, heart rate, 5ATM, 7-day battery","Smart Watch Sport GPS, heart rate, 5ATM, 7-day battery"
FR-P-0483,France,Lighting,LED Desk Lamp,27.81,EUR,"Dimmable, USB port, 5 brightness levels","LED Desk Lamp Dimmable, USB port, 5 brightness levels"
CA-Q-0484,Canada,Computing,Webcam HD Pro,77.4,CAD,"1080p 60fps, built-in mic, auto-focus","Webcam HD Pro 1080p 60fps, built-in mic, auto-focus"
FR-R-0485,France,Personal Care,Electric Toothbrush,41.94,EUR,"Sonic, 3 modes, 2-week battery","Electric Toothbrush Sonic, 3 modes, 2-week battery"
NE-S-0486,Netherlands,Kitchen Appliances,Coffee Maker Drip,37.14,EUR,"12-cup, programmable, thermal carafe","Coffee Maker Drip 12-cup, programmable, thermal carafe"
FR-T-0487,France,Kitchen Appliances,Smart Kettle Pro,42.11,EUR,"1.7L, 3000W, boil-dry protection, LED display","Smart Kettle Pro 1.7L, 3000W, boil-dry protection, LED display"
SA-U-0488,South Africa,Lighting,LED Desk Lamp,530.94,ZAR,"Dimmable, USB port, 5 brightness levels","LED Desk Lamp Dimmable, USB port, 5 brightness levels"
CA-V-0489,Canada,Lighting,LED Desk Lamp,41.67,CAD,"Dimmable, USB port, 5 brightness levels","LED Desk Lamp Dimmable, USB port, 5 brightness levels"
UK-W-0490,United Kingdom,Audio,Bluetooth Speaker,41.61,GBP,"20W, waterproof IPX7, 15h playback","Bluetooth Speaker 20W, waterproof IPX7, 15h playback"
CA-X-0491,Canada,Home Appliances,Electric Fan Tower,80.01,CAD,"Oscillating, 3 speeds, remote, timer","Electric Fan Tower Oscillating, 3 speeds, remote, timer"
CA-Y-0492,Canada,Power & Batteries,Portable Power Bank 20K,34.3,CAD,"20000mAh, dual USB, 18W PD","Portable Power Bank 20K 20000mAh, dual USB, 18W PD"
CA-Z-0493,Canada,Home Appliances,Air Purifier Compact,139.65,CAD,"HEPA H13, 3 speeds, 25m² coverage","Air Purifier Compact HEPA H13, 3 speeds, 25m² coverage"
UK-A-0494,United Kingdom,Home Appliances,Air Purifier Compact,76.88,GBP,"HEPA H13, 3 speeds, 25m² coverage","Air Purifier Compact HEPA H13, 3 speeds, 25m² coverage"
GH-B-0495,Ghana,Kitchen Appliances,Smart Kettle Pro,587.5,GHS,"1.7L, 3000W, boil-dry protection, LED display","Smart Kettle Pro 1.7L, 3000W, boil-dry protection, LED display"
NE-C-0496,Netherlands,Personal Care,Electric Toothbrush,39.9,EUR,"Sonic, 3 modes, 2-week battery","Electric Toothbrush Sonic, 3 modes, 2-week battery"
US-D-0497,United States,Wearables,Fitness Tracker Band,28.38,USD,"Steps, sleep, HR, 14-day battery","Fitness Tracker Band Steps, sleep, HR, 14-day battery"
CA-E-0498,Canada,Power & Batteries,Portable Power Bank 20K,34.43,CAD,"20000mAh, dual USB, 18W PD","Portable Power Bank 20K 20000mAh, dual USB, 18W PD"
CD-F-0499,Côte d'Ivoire,Power & Batteries,Portable Power Bank 20K,15718.73,XOF,"20000mAh, dual USB, 18W PD","Portable Power Bank 20K 20000mAh, dual USB, 18W PD"
GH-K-001,Ghana,Kitchen,EcoVolt Smart Kettle,850.0,GHS,1.7L capacity; 220V-240V; Rapid boil feature.,EcoVolt Smart Kettle 1.7L capacity; 220V-240V; Rapid boil feature.
DE-L-441,Germany,Electronics,Steinberg ProBook X1,1299.0,EUR,QWERTZ Layout; Intel i7; 32GB RAM; 1TB SSD.,Steinberg ProBook X1 QWERTZ Layout; Intel i7; 32GB RAM; 1TB SSD.
ZA-S-900,South Africa,Energy,Solar Inverter TS-9000-X,15000.0,ZAR,5kW capacity; Pure Sine Wave; IP65 Rated.,Solar Inverter TS-9000-X 5kW capacity; Pure Sine Wave; IP65 Rated.
UK-W-202,United Kingdom,Policy,Warranty Master Doc,0.0,GBP,Standard 1-year coverage. EU/UK: 2-year mandatory law.,Warranty Master Doc Standard 1-year coverage. EU/UK: 2-year mandatory law.
GH-M-005,Ghana,Kitchen,Turbo-Blend 500,450.0,GHS,500W motor; Stainless blades; Pulse mode.,Turbo-Blend 500 500W motor; Stainless blades; Pulse mode.
NL-L-5042,Netherlands,Electronics,Pro Audio Monitor Speaker,299.0,EUR,5-inch woofer; 1-inch tweeter; 50W; Studio reference.,Pro Audio Monitor Speaker 5-inch woofer; 1-inch tweeter; 50W; Studio reference.
NL-W-301,Netherlands,Policy,Warranty Master Doc (Netherlands),0.0,EUR,Standard 2-year warranty for electronics in EU/Netherlands. Consumer law applies. Extended warranty available.,Warranty Master Doc (Netherlands) Standard 2-year warranty for electronics in EU/Netherlands. Consumer law applies. Extended warranty available.
